id,username,firstname,lastname,email,major
1,PollyannaTimon,Pollyanna,Timon,Pollyanna.Timon@gmail.com,physics
2,HannisMullane,Hannis,Mullane,Hannis.Mullane@gmail.com,history
3,BeverleyByrne,Beverley,Byrne,Beverley.Byrne@gmail.com,english
4,JudySundin,Judy,Sundin,Judy.Sundin@gmail.com,biology
5,MadyKiersten,Mady,Kiersten,Mady.Kiersten@gmail.com,undeclared
6,RobertaRona,Roberta,Rona,Roberta.Rona@gmail.com,history
7,KatePayson,Kate,Payson,Kate.Payson@gmail.com,art
8,MerryKazimir,Merry,Kazimir,Merry.Kazimir@gmail.com,english
9,NananneHanshaw,Nananne,Hanshaw,Nananne.Hanshaw@gmail.com,undeclared
10,GeriannaJorgan,Gerianna,Jorgan,Gerianna.Jorgan@gmail.com,art
11,JasminaRaffo,Jasmina,Raffo,Jasmina.Raffo@gmail.com,history
12,CordiMozelle,Cordi,Mozelle,Cordi.Mozelle@gmail.com,undeclared
13,GlendaJeanne,Glenda,Jeanne,Glenda.Jeanne@gmail.com,history
14,ArlinaAshely,Arlina,Ashely,Arlina.Ashely@gmail.com,english
15,JorryLedah,Jorry,Ledah,Jorry.Ledah@gmail.com,physics
16,RosanneQuinn,Rosanne,Quinn,Rosanne.Quinn@gmail.com,english
17,ConcettinaTeryn,Concettina,Teryn,Concettina.Teryn@gmail.com,biology
18,CarolinaOdell,Carolina,Odell,Carolina.Odell@gmail.com,computer science
19,JaclynGahl,Jaclyn,Gahl,Jaclyn.Gahl@gmail.com,art
20,MaxMike,Max,Mike,Max.Mike@gmail.com,history
21,DomingaEno,Dominga,Eno,Dominga.Eno@gmail.com,history
22,AnestassiaBertold,Anestassia,Bertold,Anestassia.Bertold@gmail.com,physics
23,KettiOdysseus,Ketti,Odysseus,Ketti.Odysseus@gmail.com,art
24,NananneShuler,Nananne,Shuler,Nananne.Shuler@gmail.com,art
25,LisetteCarleen,Lisette,Carleen,Lisette.Carleen@gmail.com,physics
26,GloriaMaiah,Gloria,Maiah,Gloria.Maiah@gmail.com,computer science
27,SophiaMauer,Sophia,Mauer,Sophia.Mauer@gmail.com,english
28,KialHewitt,Kial,Hewitt,Kial.Hewitt@gmail.com,art
29,EttaCodding,Etta,Codding,Etta.Codding@gmail.com,biology
30,MarcellineFlorina,Marcelline,Florina,Marcelline.Florina@gmail.com,computer science
31,KrystleTerencio,Krystle,Terencio,Krystle.Terencio@gmail.com,physics
32,MiquelaAtonsah,Miquela,Atonsah,Miquela.Atonsah@gmail.com,computer science
33,VedaBelldas,Veda,Belldas,Veda.Belldas@gmail.com,physics
34,JohnaDecato,Johna,Decato,Johna.Decato@gmail.com,physics
35,HaletteKeelia,Halette,Keelia,Halette.Keelia@gmail.com,english
36,DannyDorothy,Danny,Dorothy,Danny.Dorothy@gmail.com,history
37,ElmiraVacuva,Elmira,Vacuva,Elmira.Vacuva@gmail.com,history
38,MarySchalles,Mary,Schalles,Mary.Schalles@gmail.com,undeclared
39,AdoreMich,Adore,Mich,Adore.Mich@gmail.com,computer science
40,KeeliaBryna,Keelia,Bryna,Keelia.Bryna@gmail.com,biology
41,StevanaRobertson,Stevana,Robertson,Stevana.Robertson@gmail.com,computer science
42,ArlenaGino,Arlena,Gino,Arlena.Gino@gmail.com,computer science
43,EmyleeDyche,Emylee,Dyche,Emylee.Dyche@gmail.com,undeclared
44,RozeleHelve,Rozele,Helve,Rozele.Helve@gmail.com,undeclared
45,AshleeHertzfeld,Ashlee,Hertzfeld,Ashlee.Hertzfeld@gmail.com,history
46,KristinaCorrine,Kristina,Corrine,Kristina.Corrine@gmail.com,biology
47,DarylMoseley,Daryl,Moseley,Daryl.Moseley@gmail.com,computer science
48,LilaBuckler,Lila,Buckler,Lila.Buckler@gmail.com,history
49,MolliRaama,Molli,Raama,Molli.Raama@gmail.com,physics
50,ClementineAmethist,Clementine,Amethist,Clementine.Amethist@gmail.com,art
51,DoroStanwood,Doro,Stanwood,Doro.Stanwood@gmail.com,computer science
52,EmyleeSasnett,Emylee,Sasnett,Emylee.Sasnett@gmail.com,computer science
53,KoreKermit,Kore,Kermit,Kore.Kermit@gmail.com,undeclared
54,BertineHurley,Bertine,Hurley,Bertine.Hurley@gmail.com,english
55,GiselaMott,Gisela,Mott,Gisela.Mott@gmail.com,undeclared
56,AdelleValoniah,Adelle,Valoniah,Adelle.Valoniah@gmail.com,history
57,GeriannaEdison,Gerianna,Edison,Gerianna.Edison@gmail.com,computer science
58,TheodoraMandler,Theodora,Mandler,Theodora.Mandler@gmail.com,physics
59,FayreGemini,Fayre,Gemini,Fayre.Gemini@gmail.com,biology
60,SharaiWu,Sharai,Wu,Sharai.Wu@gmail.com,art
61,JinnyStanding,Jinny,Standing,Jinny.Standing@gmail.com,english
62,BettineKat,Bettine,Kat,Bettine.Kat@gmail.com,history
63,MelanieTillford,Melanie,Tillford,Melanie.Tillford@gmail.com,art
64,MaraGilmour,Mara,Gilmour,Mara.Gilmour@gmail.com,undeclared
65,WendiDonell,Wendi,Donell,Wendi.Donell@gmail.com,undeclared
66,CeleneDurante,Celene,Durante,Celene.Durante@gmail.com,physics
67,LusaPoll,Lusa,Poll,Lusa.Poll@gmail.com,undeclared
68,RonnaHoltz,Ronna,Holtz,Ronna.Holtz@gmail.com,undeclared
69,MalinaKauppi,Malina,Kauppi,Malina.Kauppi@gmail.com,english
70,ElisePulsifer,Elise,Pulsifer,Elise.Pulsifer@gmail.com,computer science
71,MaxPelagias,Max,Pelagias,Max.Pelagias@gmail.com,computer science
72,MarlineNarton,Marline,Narton,Marline.Narton@gmail.com,art
73,FarrahMaiah,Farrah,Maiah,Farrah.Maiah@gmail.com,history
74,CallaChrystel,Calla,Chrystel,Calla.Chrystel@gmail.com,english
75,MarikaIdelia,Marika,Idelia,Marika.Idelia@gmail.com,computer science
76,SashenkaHepsibah,Sashenka,Hepsibah,Sashenka.Hepsibah@gmail.com,computer science
77,TheodoraQuent,Theodora,Quent,Theodora.Quent@gmail.com,physics
78,MerryMilde,Merry,Milde,Merry.Milde@gmail.com,computer science
79,EmmeyAnderea,Emmey,Anderea,Emmey.Anderea@gmail.com,biology
80,CandiMadaih,Candi,Madaih,Candi.Madaih@gmail.com,biology
81,AdoreGrayce,Adore,Grayce,Adore.Grayce@gmail.com,biology
82,NoelleCordi,Noelle,Cordi,Noelle.Cordi@gmail.com,history
83,SonniRedmond,Sonni,Redmond,Sonni.Redmond@gmail.com,history
84,DaphneLoeb,Daphne,Loeb,Daphne.Loeb@gmail.com,undeclared
85,BeeSothena,Bee,Sothena,Bee.Sothena@gmail.com,computer science
86,OlwenSmitt,Olwen,Smitt,Olwen.Smitt@gmail.com,physics
87,CarylBeebe,Caryl,Beebe,Caryl.Beebe@gmail.com,art
88,GenevraTremayne,Genevra,Tremayne,Genevra.Tremayne@gmail.com,biology
89,AmiiNiles,Amii,Niles,Amii.Niles@gmail.com,art
90,HaletteGrayce,Halette,Grayce,Halette.Grayce@gmail.com,undeclared
91,AlmetaAida,Almeta,Aida,Almeta.Aida@gmail.com,computer science
92,AigneisJethro,Aigneis,Jethro,Aigneis.Jethro@gmail.com,biology
93,TamiFerrell,Tami,Ferrell,Tami.Ferrell@gmail.com,physics
94,RafFry,Raf,Fry,Raf.Fry@gmail.com,undeclared
95,SindeeOlin,Sindee,Olin,Sindee.Olin@gmail.com,biology
96,PhilisGermann,Philis,Germann,Philis.Germann@gmail.com,undeclared
97,LyneaWesle,Lynea,Wesle,Lynea.Wesle@gmail.com,physics
98,LivvyyBates,Livvyy,Bates,Livvyy.Bates@gmail.com,english
99,CoreneOrpah,Corene,Orpah,Corene.Orpah@gmail.com,biology
100,DoralynneRese,Doralynne,Rese,Doralynne.Rese@gmail.com,english
101,DianemarieLanita,Dianemarie,Lanita,Dianemarie.Lanita@gmail.com,art
102,ZondraShaver,Zondra,Shaver,Zondra.Shaver@gmail.com,biology
103,DyannLlovera,Dyann,Llovera,Dyann.Llovera@gmail.com,physics
104,GilliganFadiman,Gilligan,Fadiman,Gilligan.Fadiman@gmail.com,computer science
105,HelenaRogerio,Helena,Rogerio,Helena.Rogerio@gmail.com,biology
106,ChrystelGarlinda,Chrystel,Garlinda,Chrystel.Garlinda@gmail.com,english
107,JudyNester,Judy,Nester,Judy.Nester@gmail.com,history
108,ElyssaAnton,Elyssa,Anton,Elyssa.Anton@gmail.com,art
109,DauneJeanne,Daune,Jeanne,Daune.Jeanne@gmail.com,undeclared
110,KirbeeBrodench,Kirbee,Brodench,Kirbee.Brodench@gmail.com,computer science
111,FrankPeg,Frank,Peg,Frank.Peg@gmail.com,art
112,AverylLiva,Averyl,Liva,Averyl.Liva@gmail.com,physics
113,FrankPacorro,Frank,Pacorro,Frank.Pacorro@gmail.com,physics
114,EmmeyEmmaline,Emmey,Emmaline,Emmey.Emmaline@gmail.com,undeclared
115,MaiseyBouchard,Maisey,Bouchard,Maisey.Bouchard@gmail.com,english
116,GiselaRanjiv,Gisela,Ranjiv,Gisela.Ranjiv@gmail.com,art
117,AarenIiette,Aaren,Iiette,Aaren.Iiette@gmail.com,history
118,RoriEllord,Rori,Ellord,Rori.Ellord@gmail.com,computer science
119,BillDannye,Bill,Dannye,Bill.Dannye@gmail.com,art
120,ChandraHortensia,Chandra,Hortensia,Chandra.Hortensia@gmail.com,undeclared
121,JendaChabot,Jenda,Chabot,Jenda.Chabot@gmail.com,biology
122,BobbiOdell,Bobbi,Odell,Bobbi.Odell@gmail.com,undeclared
123,YettyRosemary,Yetty,Rosemary,Yetty.Rosemary@gmail.com,history
124,RoriRosette,Rori,Rosette,Rori.Rosette@gmail.com,physics
125,MathildaBirdella,Mathilda,Birdella,Mathilda.Birdella@gmail.com,art
126,VanessaBendick,Vanessa,Bendick,Vanessa.Bendick@gmail.com,art
127,CarolinaBury,Carolina,Bury,Carolina.Bury@gmail.com,history
128,SabinaIiette,Sabina,Iiette,Sabina.Iiette@gmail.com,undeclared
129,JulietaTarrant,Julieta,Tarrant,Julieta.Tarrant@gmail.com,biology
130,CarolinaStav,Carolina,Stav,Carolina.Stav@gmail.com,computer science
131,BrineyFabiola,Briney,Fabiola,Briney.Fabiola@gmail.com,history
132,SuzetteDreda,Suzette,Dreda,Suzette.Dreda@gmail.com,undeclared
133,JemieTacye,Jemie,Tacye,Jemie.Tacye@gmail.com,biology
134,AngeliqueMorrill,Angelique,Morrill,Angelique.Morrill@gmail.com,computer science
135,MildridIzaak,Mildrid,Izaak,Mildrid.Izaak@gmail.com,english
136,ElfredaMelleta,Elfreda,Melleta,Elfreda.Melleta@gmail.com,biology
137,JorryGoddard,Jorry,Goddard,Jorry.Goddard@gmail.com,physics
138,LanaeMalina,Lanae,Malina,Lanae.Malina@gmail.com,biology
139,LouellaHoltz,Louella,Holtz,Louella.Holtz@gmail.com,computer science
140,TybiePenelopa,Tybie,Penelopa,Tybie.Penelopa@gmail.com,computer science
141,CeleneYerkovich,Celene,Yerkovich,Celene.Yerkovich@gmail.com,biology
142,FarrahGarek,Farrah,Garek,Farrah.Garek@gmail.com,english
143,DemetrisCarlson,Demetris,Carlson,Demetris.Carlson@gmail.com,computer science
144,EmmaSheng,Emma,Sheng,Emma.Sheng@gmail.com,computer science
145,JessamynOphelia,Jessamyn,Ophelia,Jessamyn.Ophelia@gmail.com,computer science
146,MaiseyVilma,Maisey,Vilma,Maisey.Vilma@gmail.com,english
147,SusetteZenas,Susette,Zenas,Susette.Zenas@gmail.com,computer science
148,BrynnaVernier,Brynna,Vernier,Brynna.Vernier@gmail.com,physics
149,ErmengardeLynn,Ermengarde,Lynn,Ermengarde.Lynn@gmail.com,history
150,TrudieRiordan,Trudie,Riordan,Trudie.Riordan@gmail.com,undeclared
151,KatharinaO'Carroll,Katharina,O'Carroll,Katharina.O'Carroll@gmail.com,physics
152,AsiaCamden,Asia,Camden,Asia.Camden@gmail.com,undeclared
153,DoralynneKazimir,Doralynne,Kazimir,Doralynne.Kazimir@gmail.com,physics
154,MargetteGuthrie,Margette,Guthrie,Margette.Guthrie@gmail.com,english
155,KettiJaylene,Ketti,Jaylene,Ketti.Jaylene@gmail.com,biology
156,DonettaLea,Donetta,Lea,Donetta.Lea@gmail.com,biology
157,LelahGregrory,Lelah,Gregrory,Lelah.Gregrory@gmail.com,computer science
158,BillBord,Bill,Bord,Bill.Bord@gmail.com,art
159,SybilleLissi,Sybille,Lissi,Sybille.Lissi@gmail.com,art
160,AigneisMagdalen,Aigneis,Magdalen,Aigneis.Magdalen@gmail.com,undeclared
161,AugustineOrlene,Augustine,Orlene,Augustine.Orlene@gmail.com,physics
162,VinitaNeils,Vinita,Neils,Vinita.Neils@gmail.com,physics
163,OrsolaDorothy,Orsola,Dorothy,Orsola.Dorothy@gmail.com,art
164,KerrinDamarra,Kerrin,Damarra,Kerrin.Damarra@gmail.com,computer science
165,FinaDulciana,Fina,Dulciana,Fina.Dulciana@gmail.com,computer science
166,CordiKirbee,Cordi,Kirbee,Cordi.Kirbee@gmail.com,art
167,JolynHashim,Jolyn,Hashim,Jolyn.Hashim@gmail.com,english
168,KarinaStefa,Karina,Stefa,Karina.Stefa@gmail.com,history
169,LusaNicoline,Lusa,Nicoline,Lusa.Nicoline@gmail.com,biology
170,ChereNaashom,Chere,Naashom,Chere.Naashom@gmail.com,computer science
171,EboneeVentre,Ebonee,Ventre,Ebonee.Ventre@gmail.com,english
172,CindelynRebecka,Cindelyn,Rebecka,Cindelyn.Rebecka@gmail.com,english
173,ZariaRoscoe,Zaria,Roscoe,Zaria.Roscoe@gmail.com,art
174,KatuschaAnnabella,Katuscha,Annabella,Katuscha.Annabella@gmail.com,english
175,CamileNunci,Camile,Nunci,Camile.Nunci@gmail.com,history
176,AerielaRoxanna,Aeriela,Roxanna,Aeriela.Roxanna@gmail.com,art
177,EdeeMorgun,Edee,Morgun,Edee.Morgun@gmail.com,biology
178,DoralynneAder,Doralynne,Ader,Doralynne.Ader@gmail.com,computer science
179,MichaelinaBurkle,Michaelina,Burkle,Michaelina.Burkle@gmail.com,physics
180,VivieneEzar,Viviene,Ezar,Viviene.Ezar@gmail.com,english
181,AlieOster,Alie,Oster,Alie.Oster@gmail.com,biology
182,NelleStilwell,Nelle,Stilwell,Nelle.Stilwell@gmail.com,undeclared
183,CelestynaYate,Celestyna,Yate,Celestyna.Yate@gmail.com,computer science
184,IleanaOthilia,Ileana,Othilia,Ileana.Othilia@gmail.com,art
185,ElyssaAlva,Elyssa,Alva,Elyssa.Alva@gmail.com,undeclared
186,HollieZina,Hollie,Zina,Hollie.Zina@gmail.com,computer science
187,JustinnZetta,Justinn,Zetta,Justinn.Zetta@gmail.com,english
188,AubrieTamar,Aubrie,Tamar,Aubrie.Tamar@gmail.com,undeclared
189,EboneeAde,Ebonee,Ade,Ebonee.Ade@gmail.com,undeclared
190,ElenaLorain,Elena,Lorain,Elena.Lorain@gmail.com,english
191,MaiseyNahum,Maisey,Nahum,Maisey.Nahum@gmail.com,computer science
192,DulceNoelyn,Dulce,Noelyn,Dulce.Noelyn@gmail.com,biology
193,KarenaWareing,Karena,Wareing,Karena.Wareing@gmail.com,english
194,CassandraElbertina,Cassandra,Elbertina,Cassandra.Elbertina@gmail.com,computer science
195,SheelaghMaiah,Sheelagh,Maiah,Sheelagh.Maiah@gmail.com,english
196,LatishaKenwood,Latisha,Kenwood,Latisha.Kenwood@gmail.com,english
197,KarolinaLove,Karolina,Love,Karolina.Love@gmail.com,biology
198,RosalineKauppi,Rosaline,Kauppi,Rosaline.Kauppi@gmail.com,biology
199,DesiraeHeidt,Desirae,Heidt,Desirae.Heidt@gmail.com,biology
200,YettySidonius,Yetty,Sidonius,Yetty.Sidonius@gmail.com,english
201,KathiParette,Kathi,Parette,Kathi.Parette@gmail.com,computer science
202,EttaGaynor,Etta,Gaynor,Etta.Gaynor@gmail.com,computer science
203,DolliAbernon,Dolli,Abernon,Dolli.Abernon@gmail.com,biology
204,CollenJacqui,Collen,Jacqui,Collen.Jacqui@gmail.com,art
205,KittieMerat,Kittie,Merat,Kittie.Merat@gmail.com,physics
206,KaylaNoelyn,Kayla,Noelyn,Kayla.Noelyn@gmail.com,physics
207,ShellHavens,Shell,Havens,Shell.Havens@gmail.com,history
208,CharmaineCiro,Charmaine,Ciro,Charmaine.Ciro@gmail.com,biology
209,BettaReinke,Betta,Reinke,Betta.Reinke@gmail.com,history
210,CorlyMaroney,Corly,Maroney,Corly.Maroney@gmail.com,biology
211,AdeleEiser,Adele,Eiser,Adele.Eiser@gmail.com,english
212,LelahKazimir,Lelah,Kazimir,Lelah.Kazimir@gmail.com,art
213,CandiBearnard,Candi,Bearnard,Candi.Bearnard@gmail.com,undeclared
214,DagmarWittie,Dagmar,Wittie,Dagmar.Wittie@gmail.com,physics
215,MorganicaBonilla,Morganica,Bonilla,Morganica.Bonilla@gmail.com,computer science
216,HermioneKellby,Hermione,Kellby,Hermione.Kellby@gmail.com,biology
217,ClaudinaJammal,Claudina,Jammal,Claudina.Jammal@gmail.com,undeclared
218,SueWolfgram,Sue,Wolfgram,Sue.Wolfgram@gmail.com,physics
219,ArabelLarochelle,Arabel,Larochelle,Arabel.Larochelle@gmail.com,physics
220,EveImelida,Eve,Imelida,Eve.Imelida@gmail.com,biology
221,CourtnayLarochelle,Courtnay,Larochelle,Courtnay.Larochelle@gmail.com,history
222,JessyKrystle,Jessy,Krystle,Jessy.Krystle@gmail.com,undeclared
223,MaritaCarey,Marita,Carey,Marita.Carey@gmail.com,art
224,TalyaCorilla,Talya,Corilla,Talya.Corilla@gmail.com,english
225,MaureneHonoria,Maurene,Honoria,Maurene.Honoria@gmail.com,physics
226,AlydaGrayce,Alyda,Grayce,Alyda.Grayce@gmail.com,physics
227,AlleenAngelis,Alleen,Angelis,Alleen.Angelis@gmail.com,art
228,LitaWiener,Lita,Wiener,Lita.Wiener@gmail.com,art
229,CharmaineFaro,Charmaine,Faro,Charmaine.Faro@gmail.com,history
230,GavrielleGrosz,Gavrielle,Grosz,Gavrielle.Grosz@gmail.com,history
231,CathieDominy,Cathie,Dominy,Cathie.Dominy@gmail.com,history
232,OttilieCecile,Ottilie,Cecile,Ottilie.Cecile@gmail.com,art
233,VevayEllerey,Vevay,Ellerey,Vevay.Ellerey@gmail.com,biology
234,CaressaSeligman,Caressa,Seligman,Caressa.Seligman@gmail.com,biology
235,MadyGoldina,Mady,Goldina,Mady.Goldina@gmail.com,english
236,JaimeVastah,Jaime,Vastah,Jaime.Vastah@gmail.com,biology
237,BertineIlka,Bertine,Ilka,Bertine.Ilka@gmail.com,art
238,AlishaDurware,Alisha,Durware,Alisha.Durware@gmail.com,english
239,DorthyUrias,Dorthy,Urias,Dorthy.Urias@gmail.com,computer science
240,CarolinaHanleigh,Carolina,Hanleigh,Carolina.Hanleigh@gmail.com,undeclared
241,GustyElbertina,Gusty,Elbertina,Gusty.Elbertina@gmail.com,art
242,TamqrahRustice,Tamqrah,Rustice,Tamqrah.Rustice@gmail.com,biology
243,MalloryAlarise,Mallory,Alarise,Mallory.Alarise@gmail.com,undeclared
244,Sara-AnnWinnick,Sara-Ann,Winnick,Sara-Ann.Winnick@gmail.com,computer science
245,ShereeCherianne,Sheree,Cherianne,Sheree.Cherianne@gmail.com,undeclared
246,TabbathaClie,Tabbatha,Clie,Tabbatha.Clie@gmail.com,biology
247,LorenzaWallis,Lorenza,Wallis,Lorenza.Wallis@gmail.com,undeclared
248,NollieOrlene,Nollie,Orlene,Nollie.Orlene@gmail.com,undeclared
249,GretalHolbrook,Gretal,Holbrook,Gretal.Holbrook@gmail.com,biology
250,HaletteGherardo,Halette,Gherardo,Halette.Gherardo@gmail.com,history
251,IraTufts,Ira,Tufts,Ira.Tufts@gmail.com,english
252,BrenaBrunell,Brena,Brunell,Brena.Brunell@gmail.com,art
253,BrandiseHollingsworth,Brandise,Hollingsworth,Brandise.Hollingsworth@gmail.com,history
254,CharlenaZrike,Charlena,Zrike,Charlena.Zrike@gmail.com,art
255,FloKaete,Flo,Kaete,Flo.Kaete@gmail.com,physics
256,DeloriaBorrell,Deloria,Borrell,Deloria.Borrell@gmail.com,history
257,YvonneOneida,Yvonne,Oneida,Yvonne.Oneida@gmail.com,english
258,AndeeeDosia,Andeee,Dosia,Andeee.Dosia@gmail.com,physics
259,DoriceRooney,Dorice,Rooney,Dorice.Rooney@gmail.com,undeclared
260,WillettaOneida,Willetta,Oneida,Willetta.Oneida@gmail.com,undeclared
261,TaniValoniah,Tani,Valoniah,Tani.Valoniah@gmail.com,physics
262,ShandieWeaks,Shandie,Weaks,Shandie.Weaks@gmail.com,undeclared
263,CandyGillan,Candy,Gillan,Candy.Gillan@gmail.com,physics
264,ViviaPoppy,Vivia,Poppy,Vivia.Poppy@gmail.com,computer science
265,WinifredHebner,Winifred,Hebner,Winifred.Hebner@gmail.com,art
266,AlamedaGarbe,Alameda,Garbe,Alameda.Garbe@gmail.com,computer science
267,DamarisEsmaria,Damaris,Esmaria,Damaris.Esmaria@gmail.com,art
268,RosanneEdmund,Rosanne,Edmund,Rosanne.Edmund@gmail.com,history
269,EvitaSheedy,Evita,Sheedy,Evita.Sheedy@gmail.com,physics
270,CherritaSaunderson,Cherrita,Saunderson,Cherrita.Saunderson@gmail.com,physics
271,ArabelAlice,Arabel,Alice,Arabel.Alice@gmail.com,biology
272,ModestiaNedrud,Modestia,Nedrud,Modestia.Nedrud@gmail.com,history
273,GaleSkurnik,Gale,Skurnik,Gale.Skurnik@gmail.com,undeclared
274,CollenSilvan,Collen,Silvan,Collen.Silvan@gmail.com,art
275,ShaunaAlabaster,Shauna,Alabaster,Shauna.Alabaster@gmail.com,art
276,EugineBrenn,Eugine,Brenn,Eugine.Brenn@gmail.com,biology
277,ArlenaJeanne,Arlena,Jeanne,Arlena.Jeanne@gmail.com,computer science
278,EmmaHoenack,Emma,Hoenack,Emma.Hoenack@gmail.com,undeclared
279,NettyBerne,Netty,Berne,Netty.Berne@gmail.com,computer science
280,UrsulinaBach,Ursulina,Bach,Ursulina.Bach@gmail.com,english
281,NelleDonoghue,Nelle,Donoghue,Nelle.Donoghue@gmail.com,english
282,RickyRobertson,Ricky,Robertson,Ricky.Robertson@gmail.com,art
283,ArdeenMoseley,Ardeen,Moseley,Ardeen.Moseley@gmail.com,biology
284,ChandraTherine,Chandra,Therine,Chandra.Therine@gmail.com,english
285,VinitaFennessy,Vinita,Fennessy,Vinita.Fennessy@gmail.com,history
286,AddiaVary,Addia,Vary,Addia.Vary@gmail.com,physics
287,IsaSeptima,Isa,Septima,Isa.Septima@gmail.com,undeclared
288,CamYam,Cam,Yam,Cam.Yam@gmail.com,undeclared
289,GinnieAtcliffe,Ginnie,Atcliffe,Ginnie.Atcliffe@gmail.com,undeclared
290,CherilynDouglass,Cherilyn,Douglass,Cherilyn.Douglass@gmail.com,art
291,AllisBerriman,Allis,Berriman,Allis.Berriman@gmail.com,undeclared
292,ElfredaKonyn,Elfreda,Konyn,Elfreda.Konyn@gmail.com,art
293,MaryDimitris,Mary,Dimitris,Mary.Dimitris@gmail.com,undeclared
294,JaneyBearnard,Janey,Bearnard,Janey.Bearnard@gmail.com,art
295,RoselineSeligman,Roseline,Seligman,Roseline.Seligman@gmail.com,undeclared
296,TillyRad,Tilly,Rad,Tilly.Rad@gmail.com,biology
297,HarriettaMillda,Harrietta,Millda,Harrietta.Millda@gmail.com,history
298,OreliaPozzy,Orelia,Pozzy,Orelia.Pozzy@gmail.com,art
299,AverylPresber,Averyl,Presber,Averyl.Presber@gmail.com,computer science
300,MerielThema,Meriel,Thema,Meriel.Thema@gmail.com,history
301,MerleHolbrook,Merle,Holbrook,Merle.Holbrook@gmail.com,computer science
302,FanchonErlandson,Fanchon,Erlandson,Fanchon.Erlandson@gmail.com,english
303,AnniceAshely,Annice,Ashely,Annice.Ashely@gmail.com,physics
304,MartiShaddock,Marti,Shaddock,Marti.Shaddock@gmail.com,history
305,MargetteWyn,Margette,Wyn,Margette.Wyn@gmail.com,physics
306,ClaudinaDeegan,Claudina,Deegan,Claudina.Deegan@gmail.com,undeclared
307,IngridChesna,Ingrid,Chesna,Ingrid.Chesna@gmail.com,computer science
308,ShereeJunie,Sheree,Junie,Sheree.Junie@gmail.com,history
309,CecileHaldas,Cecile,Haldas,Cecile.Haldas@gmail.com,physics
310,DedeSigfrid,Dede,Sigfrid,Dede.Sigfrid@gmail.com,computer science
311,ZiaJoachim,Zia,Joachim,Zia.Joachim@gmail.com,art
312,LeeanneSwigart,Leeanne,Swigart,Leeanne.Swigart@gmail.com,english
313,LelahStephie,Lelah,Stephie,Lelah.Stephie@gmail.com,computer science
314,MarleahEdmund,Marleah,Edmund,Marleah.Edmund@gmail.com,art
315,DoriceProber,Dorice,Prober,Dorice.Prober@gmail.com,physics
316,RochetteSwigart,Rochette,Swigart,Rochette.Swigart@gmail.com,art
317,HaletteLeffen,Halette,Leffen,Halette.Leffen@gmail.com,biology
318,ElieGillan,Elie,Gillan,Elie.Gillan@gmail.com,art
319,ElfredaInfield,Elfreda,Infield,Elfreda.Infield@gmail.com,english
320,TiffieChristine,Tiffie,Christine,Tiffie.Christine@gmail.com,computer science
321,DolliEngdahl,Dolli,Engdahl,Dolli.Engdahl@gmail.com,physics
322,CharlenaBendick,Charlena,Bendick,Charlena.Bendick@gmail.com,history
323,JendaMoseley,Jenda,Moseley,Jenda.Moseley@gmail.com,physics
324,KasseyGreyson,Kassey,Greyson,Kassey.Greyson@gmail.com,computer science
325,DebeeFadiman,Debee,Fadiman,Debee.Fadiman@gmail.com,history
326,SaretteLucienne,Sarette,Lucienne,Sarette.Lucienne@gmail.com,english
327,MaiseyMerna,Maisey,Merna,Maisey.Merna@gmail.com,biology
328,SophiaBearnard,Sophia,Bearnard,Sophia.Bearnard@gmail.com,biology
329,MarinnaSmitt,Marinna,Smitt,Marinna.Smitt@gmail.com,physics
330,TeraGabrielli,Tera,Gabrielli,Tera.Gabrielli@gmail.com,english
331,MoynaKelula,Moyna,Kelula,Moyna.Kelula@gmail.com,physics
332,EdeeChinua,Edee,Chinua,Edee.Chinua@gmail.com,biology
333,MelisentAbernon,Melisent,Abernon,Melisent.Abernon@gmail.com,art
334,VerlaRaffo,Verla,Raffo,Verla.Raffo@gmail.com,computer science
335,KarleeCrudden,Karlee,Crudden,Karlee.Crudden@gmail.com,physics
336,JendaSi,Jenda,Si,Jenda.Si@gmail.com,english
337,ElkaJoeann,Elka,Joeann,Elka.Joeann@gmail.com,art
338,MarniaRocray,Marnia,Rocray,Marnia.Rocray@gmail.com,undeclared
339,LianaShaddock,Liana,Shaddock,Liana.Shaddock@gmail.com,computer science
340,KimmyDosia,Kimmy,Dosia,Kimmy.Dosia@gmail.com,physics
341,ValedaFrancene,Valeda,Francene,Valeda.Francene@gmail.com,biology
342,VanessaHull,Vanessa,Hull,Vanessa.Hull@gmail.com,history
343,CoralJoeann,Coral,Joeann,Coral.Joeann@gmail.com,physics
344,TressaRosette,Tressa,Rosette,Tressa.Rosette@gmail.com,english
345,ErmengardeBergman,Ermengarde,Bergman,Ermengarde.Bergman@gmail.com,history
346,NananneWesle,Nananne,Wesle,Nananne.Wesle@gmail.com,physics
347,GiselaPalocz,Gisela,Palocz,Gisela.Palocz@gmail.com,english
348,NicoliGirardo,Nicoli,Girardo,Nicoli.Girardo@gmail.com,biology
349,RandaAuberbach,Randa,Auberbach,Randa.Auberbach@gmail.com,english
350,GerrieLanita,Gerrie,Lanita,Gerrie.Lanita@gmail.com,computer science
351,FrankCorrine,Frank,Corrine,Frank.Corrine@gmail.com,physics
352,MureilHimelman,Mureil,Himelman,Mureil.Himelman@gmail.com,undeclared
353,JanyRicarda,Jany,Ricarda,Jany.Ricarda@gmail.com,history
354,KarolinaDouglass,Karolina,Douglass,Karolina.Douglass@gmail.com,history
355,BabitaJenness,Babita,Jenness,Babita.Jenness@gmail.com,undeclared
356,NarikoHalsey,Nariko,Halsey,Nariko.Halsey@gmail.com,computer science
357,PaulitaMintz,Paulita,Mintz,Paulita.Mintz@gmail.com,undeclared
358,RobbiLand,Robbi,Land,Robbi.Land@gmail.com,history
359,MarieleFederica,Mariele,Federica,Mariele.Federica@gmail.com,history
360,BlakeHepsibah,Blake,Hepsibah,Blake.Hepsibah@gmail.com,english
361,HermioneStoller,Hermione,Stoller,Hermione.Stoller@gmail.com,physics
362,DeirdreThar,Deirdre,Thar,Deirdre.Thar@gmail.com,history
363,JendaHieronymus,Jenda,Hieronymus,Jenda.Hieronymus@gmail.com,history
364,BranaRemmer,Brana,Remmer,Brana.Remmer@gmail.com,physics
365,EvaleenRustice,Evaleen,Rustice,Evaleen.Rustice@gmail.com,english
366,PamellaRozanna,Pamella,Rozanna,Pamella.Rozanna@gmail.com,art
367,ArdysHazlett,Ardys,Hazlett,Ardys.Hazlett@gmail.com,history
368,ZiaHarday,Zia,Harday,Zia.Harday@gmail.com,physics
369,LonnieThema,Lonnie,Thema,Lonnie.Thema@gmail.com,biology
370,SissyAmbrosia,Sissy,Ambrosia,Sissy.Ambrosia@gmail.com,computer science
371,DagmarGoode,Dagmar,Goode,Dagmar.Goode@gmail.com,art
372,GrierSocha,Grier,Socha,Grier.Socha@gmail.com,undeclared
373,EloraMaryanne,Elora,Maryanne,Elora.Maryanne@gmail.com,history
374,OrsolaAn,Orsola,An,Orsola.An@gmail.com,biology
375,JendaChapland,Jenda,Chapland,Jenda.Chapland@gmail.com,biology
376,MerrySothena,Merry,Sothena,Merry.Sothena@gmail.com,physics
377,LexineRaffo,Lexine,Raffo,Lexine.Raffo@gmail.com,physics
378,GuiPacorro,Gui,Pacorro,Gui.Pacorro@gmail.com,computer science
379,GuiPernick,Gui,Pernick,Gui.Pernick@gmail.com,history
380,WinnyGarek,Winny,Garek,Winny.Garek@gmail.com,art
381,AnnalieseBelanger,Annaliese,Belanger,Annaliese.Belanger@gmail.com,physics
382,JacquettaAlexandr,Jacquetta,Alexandr,Jacquetta.Alexandr@gmail.com,history
383,CyndieAllare,Cyndie,Allare,Cyndie.Allare@gmail.com,physics
384,ChastitySaunderson,Chastity,Saunderson,Chastity.Saunderson@gmail.com,english
385,JorryHolbrook,Jorry,Holbrook,Jorry.Holbrook@gmail.com,art
386,UrsulinaSophronia,Ursulina,Sophronia,Ursulina.Sophronia@gmail.com,computer science
387,LinetDelila,Linet,Delila,Linet.Delila@gmail.com,computer science
388,EttaFelizio,Etta,Felizio,Etta.Felizio@gmail.com,art
389,WillettaRossner,Willetta,Rossner,Willetta.Rossner@gmail.com,computer science
390,HaletteMilson,Halette,Milson,Halette.Milson@gmail.com,biology
391,LouellaDonoghue,Louella,Donoghue,Louella.Donoghue@gmail.com,physics
392,KathyArmanda,Kathy,Armanda,Kathy.Armanda@gmail.com,biology
393,JinnyMadox,Jinny,Madox,Jinny.Madox@gmail.com,english
394,CarittaColleen,Caritta,Colleen,Caritta.Colleen@gmail.com,english
395,DoralynneVastah,Doralynne,Vastah,Doralynne.Vastah@gmail.com,english
396,YettyMandler,Yetty,Mandler,Yetty.Mandler@gmail.com,art
397,GlynnisStover,Glynnis,Stover,Glynnis.Stover@gmail.com,art
398,PauleUlphia,Paule,Ulphia,Paule.Ulphia@gmail.com,computer science
399,RosanneCarey,Rosanne,Carey,Rosanne.Carey@gmail.com,computer science
400,EadieRugen,Eadie,Rugen,Eadie.Rugen@gmail.com,biology
401,JobiNadia,Jobi,Nadia,Jobi.Nadia@gmail.com,physics
402,GeorgettaFosque,Georgetta,Fosque,Georgetta.Fosque@gmail.com,history
403,NaneteKendrick,Nanete,Kendrick,Nanete.Kendrick@gmail.com,biology
404,LinetMoina,Linet,Moina,Linet.Moina@gmail.com,history
405,RandaTryck,Randa,Tryck,Randa.Tryck@gmail.com,undeclared
406,ClarestaJoeann,Claresta,Joeann,Claresta.Joeann@gmail.com,art
407,Zsa ZsaArgus,Zsa Zsa,Argus,Zsa Zsa.Argus@gmail.com,english
408,KennaElo,Kenna,Elo,Kenna.Elo@gmail.com,computer science
409,PhilisClara,Philis,Clara,Philis.Clara@gmail.com,english
410,CissieeFitzsimmons,Cissiee,Fitzsimmons,Cissiee.Fitzsimmons@gmail.com,undeclared
411,XylinaHylan,Xylina,Hylan,Xylina.Hylan@gmail.com,history
412,PeriEzar,Peri,Ezar,Peri.Ezar@gmail.com,english
413,FredAurelio,Fred,Aurelio,Fred.Aurelio@gmail.com,art
414,DauneHazlett,Daune,Hazlett,Daune.Hazlett@gmail.com,english
415,AlejandraHoenack,Alejandra,Hoenack,Alejandra.Hoenack@gmail.com,biology
416,LaureCath,Laure,Cath,Laure.Cath@gmail.com,physics
417,FrederickaRheingold,Fredericka,Rheingold,Fredericka.Rheingold@gmail.com,english
418,LianaNarton,Liana,Narton,Liana.Narton@gmail.com,english
419,RozeleNorrie,Rozele,Norrie,Rozele.Norrie@gmail.com,english
420,LeannaTengdin,Leanna,Tengdin,Leanna.Tengdin@gmail.com,english
421,DoriceGregrory,Dorice,Gregrory,Dorice.Gregrory@gmail.com,history
422,ChandraEdmund,Chandra,Edmund,Chandra.Edmund@gmail.com,art
423,FloYate,Flo,Yate,Flo.Yate@gmail.com,physics
424,DarylHenrie,Daryl,Henrie,Daryl.Henrie@gmail.com,english
425,PhilisAbbot,Philis,Abbot,Philis.Abbot@gmail.com,art
426,LanaeHarl,Lanae,Harl,Lanae.Harl@gmail.com,biology
427,BarbaraDiogenes,Barbara,Diogenes,Barbara.Diogenes@gmail.com,physics
428,IraNatica,Ira,Natica,Ira.Natica@gmail.com,english
429,KirstinAlejoa,Kirstin,Alejoa,Kirstin.Alejoa@gmail.com,history
430,DienaLewes,Diena,Lewes,Diena.Lewes@gmail.com,computer science
431,LonnieTristram,Lonnie,Tristram,Lonnie.Tristram@gmail.com,biology
432,AndeeePierette,Andeee,Pierette,Andeee.Pierette@gmail.com,undeclared
433,EvitaHenebry,Evita,Henebry,Evita.Henebry@gmail.com,computer science
434,LilaBethany,Lila,Bethany,Lila.Bethany@gmail.com,undeclared
435,AngelaToor,Angela,Toor,Angela.Toor@gmail.com,history
436,PaulitaTyson,Paulita,Tyson,Paulita.Tyson@gmail.com,history
437,RaynaFaust,Rayna,Faust,Rayna.Faust@gmail.com,biology
438,CarylEliathas,Caryl,Eliathas,Caryl.Eliathas@gmail.com,biology
439,LibbieStanwood,Libbie,Stanwood,Libbie.Stanwood@gmail.com,undeclared
440,GabiGilbertson,Gabi,Gilbertson,Gabi.Gilbertson@gmail.com,computer science
441,EttaBrittani,Etta,Brittani,Etta.Brittani@gmail.com,physics
442,JessyRaul,Jessy,Raul,Jessy.Raul@gmail.com,biology
443,AarenProuty,Aaren,Prouty,Aaren.Prouty@gmail.com,english
444,CelisseKoziara,Celisse,Koziara,Celisse.Koziara@gmail.com,art
445,CordiColp,Cordi,Colp,Cordi.Colp@gmail.com,biology
446,BibbyDulciana,Bibby,Dulciana,Bibby.Dulciana@gmail.com,english
447,MelisentAdalbert,Melisent,Adalbert,Melisent.Adalbert@gmail.com,art
448,LindieCristi,Lindie,Cristi,Lindie.Cristi@gmail.com,english
449,RivaleeLory,Rivalee,Lory,Rivalee.Lory@gmail.com,english
450,AerielaBreed,Aeriela,Breed,Aeriela.Breed@gmail.com,physics
451,CherilynGeoras,Cherilyn,Georas,Cherilyn.Georas@gmail.com,art
452,AshleeHessler,Ashlee,Hessler,Ashlee.Hessler@gmail.com,art
453,CassandraZitvaa,Cassandra,Zitvaa,Cassandra.Zitvaa@gmail.com,history
454,AlbertinaCohdwell,Albertina,Cohdwell,Albertina.Cohdwell@gmail.com,art
455,EmmeyTomasina,Emmey,Tomasina,Emmey.Tomasina@gmail.com,art
456,Sara-AnnTyson,Sara-Ann,Tyson,Sara-Ann.Tyson@gmail.com,computer science
457,FrankHarned,Frank,Harned,Frank.Harned@gmail.com,history
458,NinnettaKesley,Ninnetta,Kesley,Ninnetta.Kesley@gmail.com,art
459,HenrietteXerxes,Henriette,Xerxes,Henriette.Xerxes@gmail.com,computer science
460,TersinaMaroney,Tersina,Maroney,Tersina.Maroney@gmail.com,physics
461,AlexineDudley,Alexine,Dudley,Alexine.Dudley@gmail.com,computer science
462,ImojeanTacye,Imojean,Tacye,Imojean.Tacye@gmail.com,undeclared
463,ClaryTeddman,Clary,Teddman,Clary.Teddman@gmail.com,history
464,JinnySadowski,Jinny,Sadowski,Jinny.Sadowski@gmail.com,computer science
465,TierneyWareing,Tierney,Wareing,Tierney.Wareing@gmail.com,undeclared
466,GenoveraGrobe,Genovera,Grobe,Genovera.Grobe@gmail.com,english
467,MaxCarbo,Max,Carbo,Max.Carbo@gmail.com,physics
468,BillSparhawk,Bill,Sparhawk,Bill.Sparhawk@gmail.com,art
469,TersinaEno,Tersina,Eno,Tersina.Eno@gmail.com,english
470,MerrieNorvol,Merrie,Norvol,Merrie.Norvol@gmail.com,undeclared
471,MargarettePyle,Margarette,Pyle,Margarette.Pyle@gmail.com,history
472,LouellaFabiola,Louella,Fabiola,Louella.Fabiola@gmail.com,physics
473,JulietaToor,Julieta,Toor,Julieta.Toor@gmail.com,computer science
474,IdaTacye,Ida,Tacye,Ida.Tacye@gmail.com,history
475,LianaSeagraves,Liana,Seagraves,Liana.Seagraves@gmail.com,history
476,ArabelBow,Arabel,Bow,Arabel.Bow@gmail.com,art
477,BillAnestassia,Bill,Anestassia,Bill.Anestassia@gmail.com,art
478,TierneyKauppi,Tierney,Kauppi,Tierney.Kauppi@gmail.com,undeclared
479,GertrudEno,Gertrud,Eno,Gertrud.Eno@gmail.com,undeclared
480,StaceyLoring,Stacey,Loring,Stacey.Loring@gmail.com,art
481,IraFelecia,Ira,Felecia,Ira.Felecia@gmail.com,history
482,TinaStefa,Tina,Stefa,Tina.Stefa@gmail.com,computer science
483,MarikaMagnolia,Marika,Magnolia,Marika.Magnolia@gmail.com,art
484,ThaliaVale,Thalia,Vale,Thalia.Vale@gmail.com,biology
485,LinzyJanene,Linzy,Janene,Linzy.Janene@gmail.com,computer science
486,DaleTice,Dale,Tice,Dale.Tice@gmail.com,biology
487,JaimeOgren,Jaime,Ogren,Jaime.Ogren@gmail.com,biology
488,FrancesRooney,Frances,Rooney,Frances.Rooney@gmail.com,art
489,TrixiMadelene,Trixi,Madelene,Trixi.Madelene@gmail.com,history
490,StephanieHylan,Stephanie,Hylan,Stephanie.Hylan@gmail.com,english
491,NadineKinnard,Nadine,Kinnard,Nadine.Kinnard@gmail.com,history
492,KamilahBlase,Kamilah,Blase,Kamilah.Blase@gmail.com,history
493,ShaunaHanshaw,Shauna,Hanshaw,Shauna.Hanshaw@gmail.com,history
494,ZondraHalla,Zondra,Halla,Zondra.Halla@gmail.com,art
495,LelahRudolph,Lelah,Rudolph,Lelah.Rudolph@gmail.com,art
496,JillayneAnestassia,Jillayne,Anestassia,Jillayne.Anestassia@gmail.com,undeclared
497,JennicaKalinda,Jennica,Kalinda,Jennica.Kalinda@gmail.com,undeclared
498,WandaHepsibah,Wanda,Hepsibah,Wanda.Hepsibah@gmail.com,english
499,SusetteGuildroy,Susette,Guildroy,Susette.Guildroy@gmail.com,biology
500,LannaKamaria,Lanna,Kamaria,Lanna.Kamaria@gmail.com,history
501,CristabelIngra,Cristabel,Ingra,Cristabel.Ingra@gmail.com,computer science
502,IraZitvaa,Ira,Zitvaa,Ira.Zitvaa@gmail.com,computer science
503,KellyLilas,Kelly,Lilas,Kelly.Lilas@gmail.com,undeclared
504,EdithAstra,Edith,Astra,Edith.Astra@gmail.com,computer science
505,JuneKunin,June,Kunin,June.Kunin@gmail.com,computer science
506,AnnecorinneHazlett,Annecorinne,Hazlett,Annecorinne.Hazlett@gmail.com,undeclared
507,JaneyLeary,Janey,Leary,Janey.Leary@gmail.com,history
508,CollenJustinn,Collen,Justinn,Collen.Justinn@gmail.com,art
509,CatharineBall,Catharine,Ball,Catharine.Ball@gmail.com,biology
510,SelmaReinke,Selma,Reinke,Selma.Reinke@gmail.com,art
511,JoleenVary,Joleen,Vary,Joleen.Vary@gmail.com,english
512,MarniaLiebermann,Marnia,Liebermann,Marnia.Liebermann@gmail.com,undeclared
513,MargetteAshok,Margette,Ashok,Margette.Ashok@gmail.com,physics
514,ValliJerold,Valli,Jerold,Valli.Jerold@gmail.com,computer science
515,HettieDonoghue,Hettie,Donoghue,Hettie.Donoghue@gmail.com,english
516,GerrieUund,Gerrie,Uund,Gerrie.Uund@gmail.com,computer science
517,JorryHavens,Jorry,Havens,Jorry.Havens@gmail.com,undeclared
518,GwynethCreamer,Gwyneth,Creamer,Gwyneth.Creamer@gmail.com,art
519,ElmiraMeans,Elmira,Means,Elmira.Means@gmail.com,computer science
520,JaclynLouanna,Jaclyn,Louanna,Jaclyn.Louanna@gmail.com,english
521,Ann-MarieCosenza,Ann-Marie,Cosenza,Ann-Marie.Cosenza@gmail.com,computer science
522,YvonneBarrus,Yvonne,Barrus,Yvonne.Barrus@gmail.com,undeclared
523,IdaZina,Ida,Zina,Ida.Zina@gmail.com,art
524,JanLeler,Jan,Leler,Jan.Leler@gmail.com,art
525,StarlaDominy,Starla,Dominy,Starla.Dominy@gmail.com,computer science
526,MaureneHieronymus,Maurene,Hieronymus,Maurene.Hieronymus@gmail.com,biology
527,HermioneIphlgenia,Hermione,Iphlgenia,Hermione.Iphlgenia@gmail.com,biology
528,ErickaFancie,Ericka,Fancie,Ericka.Fancie@gmail.com,biology
529,KalinaClaudine,Kalina,Claudine,Kalina.Claudine@gmail.com,art
530,NinnettaHelfand,Ninnetta,Helfand,Ninnetta.Helfand@gmail.com,history
531,CaressaDevlen,Caressa,Devlen,Caressa.Devlen@gmail.com,computer science
532,TamqrahLeonard,Tamqrah,Leonard,Tamqrah.Leonard@gmail.com,english
533,SidoneyChesna,Sidoney,Chesna,Sidoney.Chesna@gmail.com,undeclared
534,CristineRiva,Cristine,Riva,Cristine.Riva@gmail.com,biology
535,OonaNatica,Oona,Natica,Oona.Natica@gmail.com,history
536,CassondraCreamer,Cassondra,Creamer,Cassondra.Creamer@gmail.com,undeclared
537,NessieAlbertine,Nessie,Albertine,Nessie.Albertine@gmail.com,physics
538,DaphneLindemann,Daphne,Lindemann,Daphne.Lindemann@gmail.com,history
539,FelizaAriella,Feliza,Ariella,Feliza.Ariella@gmail.com,biology
540,CybSchalles,Cyb,Schalles,Cyb.Schalles@gmail.com,art
541,VinitaMagnolia,Vinita,Magnolia,Vinita.Magnolia@gmail.com,biology
542,StarlaSeagraves,Starla,Seagraves,Starla.Seagraves@gmail.com,undeclared
543,AnnecorinneBrodench,Annecorinne,Brodench,Annecorinne.Brodench@gmail.com,undeclared
544,ArdeenCodding,Ardeen,Codding,Ardeen.Codding@gmail.com,computer science
545,VedaIphlgenia,Veda,Iphlgenia,Veda.Iphlgenia@gmail.com,computer science
546,SianaLuhe,Siana,Luhe,Siana.Luhe@gmail.com,computer science
547,KimmyDearborn,Kimmy,Dearborn,Kimmy.Dearborn@gmail.com,history
548,GusellaLattie,Gusella,Lattie,Gusella.Lattie@gmail.com,english
549,KoreManolo,Kore,Manolo,Kore.Manolo@gmail.com,computer science
550,OrsolaRandene,Orsola,Randene,Orsola.Randene@gmail.com,english
551,BibbyZeeba,Bibby,Zeeba,Bibby.Zeeba@gmail.com,biology
552,RozeleCarmena,Rozele,Carmena,Rozele.Carmena@gmail.com,english
553,AllisUlphia,Allis,Ulphia,Allis.Ulphia@gmail.com,english
554,SusanOlympium,Susan,Olympium,Susan.Olympium@gmail.com,history
555,SharaiEdmund,Sharai,Edmund,Sharai.Edmund@gmail.com,physics
556,AerielaBriney,Aeriela,Briney,Aeriela.Briney@gmail.com,english
557,JulianeGillan,Juliane,Gillan,Juliane.Gillan@gmail.com,history
558,DeedeeLamoree,Deedee,Lamoree,Deedee.Lamoree@gmail.com,english
559,BriannaTice,Brianna,Tice,Brianna.Tice@gmail.com,computer science
560,TobeCalhoun,Tobe,Calhoun,Tobe.Calhoun@gmail.com,computer science
561,CorreyLouanna,Correy,Louanna,Correy.Louanna@gmail.com,art
562,ViviaOdell,Vivia,Odell,Vivia.Odell@gmail.com,computer science
563,AnnoraGaynor,Annora,Gaynor,Annora.Gaynor@gmail.com,history
564,CarlyLouanna,Carly,Louanna,Carly.Louanna@gmail.com,biology
565,LonnieJammal,Lonnie,Jammal,Lonnie.Jammal@gmail.com,physics
566,OlwenRad,Olwen,Rad,Olwen.Rad@gmail.com,undeclared
567,ErnestaChrystel,Ernesta,Chrystel,Ernesta.Chrystel@gmail.com,art
568,TybieTruc,Tybie,Truc,Tybie.Truc@gmail.com,physics
569,LennaVastah,Lenna,Vastah,Lenna.Vastah@gmail.com,undeclared
570,DulcineaMorehouse,Dulcinea,Morehouse,Dulcinea.Morehouse@gmail.com,computer science
571,AlbertinaRubie,Albertina,Rubie,Albertina.Rubie@gmail.com,undeclared
572,VitaMcClimans,Vita,McClimans,Vita.McClimans@gmail.com,art
573,GerrieBakerman,Gerrie,Bakerman,Gerrie.Bakerman@gmail.com,english
574,GavrielleKarna,Gavrielle,Karna,Gavrielle.Karna@gmail.com,art
575,EmmeyStefa,Emmey,Stefa,Emmey.Stefa@gmail.com,art
576,SeliaSharl,Selia,Sharl,Selia.Sharl@gmail.com,physics
577,IsaGwenore,Isa,Gwenore,Isa.Gwenore@gmail.com,english
578,CollenRandene,Collen,Randene,Collen.Randene@gmail.com,undeclared
579,BasiaHaerr,Basia,Haerr,Basia.Haerr@gmail.com,undeclared
580,NoelleAnton,Noelle,Anton,Noelle.Anton@gmail.com,art
581,CarolinaRicarda,Carolina,Ricarda,Carolina.Ricarda@gmail.com,history
582,TeddiePhaidra,Teddie,Phaidra,Teddie.Phaidra@gmail.com,history
583,DedeElisha,Dede,Elisha,Dede.Elisha@gmail.com,history
584,EboneeBollay,Ebonee,Bollay,Ebonee.Bollay@gmail.com,undeclared
585,IlseYoko,Ilse,Yoko,Ilse.Yoko@gmail.com,undeclared
586,JordanMonk,Jordan,Monk,Jordan.Monk@gmail.com,biology
587,AngelaDahlia,Angela,Dahlia,Angela.Dahlia@gmail.com,art
588,CassandraO'Rourke,Cassandra,O'Rourke,Cassandra.O'Rourke@gmail.com,art
589,MellicentSwanhildas,Mellicent,Swanhildas,Mellicent.Swanhildas@gmail.com,physics
590,LeonaBrittani,Leona,Brittani,Leona.Brittani@gmail.com,undeclared
591,AnalleseJehu,Anallese,Jehu,Anallese.Jehu@gmail.com,art
592,MyrticeAmasa,Myrtice,Amasa,Myrtice.Amasa@gmail.com,art
593,GerrieMarden,Gerrie,Marden,Gerrie.Marden@gmail.com,english
594,NatalineLutero,Nataline,Lutero,Nataline.Lutero@gmail.com,history
595,ElenaEvvie,Elena,Evvie,Elena.Evvie@gmail.com,undeclared
596,AlleenPattin,Alleen,Pattin,Alleen.Pattin@gmail.com,history
597,BlondelleTillford,Blondelle,Tillford,Blondelle.Tillford@gmail.com,art
598,KaryGilmour,Kary,Gilmour,Kary.Gilmour@gmail.com,biology
599,TiffieAn,Tiffie,An,Tiffie.An@gmail.com,art
600,CyndieAlejoa,Cyndie,Alejoa,Cyndie.Alejoa@gmail.com,art
601,JeannaPoppy,Jeanna,Poppy,Jeanna.Poppy@gmail.com,english
602,LaylaMarcellus,Layla,Marcellus,Layla.Marcellus@gmail.com,physics
603,NyssaDielu,Nyssa,Dielu,Nyssa.Dielu@gmail.com,biology
604,BertaYuille,Berta,Yuille,Berta.Yuille@gmail.com,computer science
605,MarinnaMargret,Marinna,Margret,Marinna.Margret@gmail.com,biology
606,BriettaRaffo,Brietta,Raffo,Brietta.Raffo@gmail.com,history
607,MichaelinaSperling,Michaelina,Sperling,Michaelina.Sperling@gmail.com,art
608,NettyBoycey,Netty,Boycey,Netty.Boycey@gmail.com,undeclared
609,CoreneDarbie,Corene,Darbie,Corene.Darbie@gmail.com,biology
610,LucilleMalvino,Lucille,Malvino,Lucille.Malvino@gmail.com,biology
611,FloColyer,Flo,Colyer,Flo.Colyer@gmail.com,physics
612,DennieBrian,Dennie,Brian,Dennie.Brian@gmail.com,english
613,CharlenaYoko,Charlena,Yoko,Charlena.Yoko@gmail.com,history
614,IraBurkle,Ira,Burkle,Ira.Burkle@gmail.com,undeclared
615,ShereeHanleigh,Sheree,Hanleigh,Sheree.Hanleigh@gmail.com,computer science
616,TillyShuler,Tilly,Shuler,Tilly.Shuler@gmail.com,history
617,AnthiaKaja,Anthia,Kaja,Anthia.Kaja@gmail.com,english
618,PhylisAbernon,Phylis,Abernon,Phylis.Abernon@gmail.com,computer science
619,KerrinKimmie,Kerrin,Kimmie,Kerrin.Kimmie@gmail.com,undeclared
620,PollyannaGiule,Pollyanna,Giule,Pollyanna.Giule@gmail.com,art
621,AltheaBouchard,Althea,Bouchard,Althea.Bouchard@gmail.com,art
622,AllisWiener,Allis,Wiener,Allis.Wiener@gmail.com,art
623,LanaeLeonard,Lanae,Leonard,Lanae.Leonard@gmail.com,biology
624,KarolinaArquit,Karolina,Arquit,Karolina.Arquit@gmail.com,biology
625,LelahSchwejda,Lelah,Schwejda,Lelah.Schwejda@gmail.com,english
626,ConcettinaJagir,Concettina,Jagir,Concettina.Jagir@gmail.com,history
627,HarriettaMehalek,Harrietta,Mehalek,Harrietta.Mehalek@gmail.com,history
628,NonnahZeeba,Nonnah,Zeeba,Nonnah.Zeeba@gmail.com,physics
629,SilvanaNunci,Silvana,Nunci,Silvana.Nunci@gmail.com,computer science
630,GloriaDorothy,Gloria,Dorothy,Gloria.Dorothy@gmail.com,english
631,BobbiLeifeste,Bobbi,Leifeste,Bobbi.Leifeste@gmail.com,art
632,RebecaKesley,Rebeca,Kesley,Rebeca.Kesley@gmail.com,physics
633,MeghannBrackely,Meghann,Brackely,Meghann.Brackely@gmail.com,computer science
634,LeonaSchalles,Leona,Schalles,Leona.Schalles@gmail.com,art
635,KellyIvens,Kelly,Ivens,Kelly.Ivens@gmail.com,art
636,LianaGoldina,Liana,Goldina,Liana.Goldina@gmail.com,art
637,NelleGordon,Nelle,Gordon,Nelle.Gordon@gmail.com,undeclared
638,MarsiellaRegan,Marsiella,Regan,Marsiella.Regan@gmail.com,physics
639,FlorenciaBlisse,Florencia,Blisse,Florencia.Blisse@gmail.com,undeclared
640,MichaelinaMcCutcheon,Michaelina,McCutcheon,Michaelina.McCutcheon@gmail.com,history
641,BinnySophronia,Binny,Sophronia,Binny.Sophronia@gmail.com,undeclared
642,AllisNoam,Allis,Noam,Allis.Noam@gmail.com,undeclared
643,SherriePond,Sherrie,Pond,Sherrie.Pond@gmail.com,history
644,AlexineSeessel,Alexine,Seessel,Alexine.Seessel@gmail.com,undeclared
645,StephanieMalina,Stephanie,Malina,Stephanie.Malina@gmail.com,history
646,ClarestaVacuva,Claresta,Vacuva,Claresta.Vacuva@gmail.com,physics
647,MargetteKristi,Margette,Kristi,Margette.Kristi@gmail.com,biology
648,CherilynDorine,Cherilyn,Dorine,Cherilyn.Dorine@gmail.com,physics
649,HarmoniaCecile,Harmonia,Cecile,Harmonia.Cecile@gmail.com,computer science
650,VerlaMehalek,Verla,Mehalek,Verla.Mehalek@gmail.com,computer science
651,OttilieCelestine,Ottilie,Celestine,Ottilie.Celestine@gmail.com,english
652,MaryellenBonucci,Maryellen,Bonucci,Maryellen.Bonucci@gmail.com,art
653,CelisseLindemann,Celisse,Lindemann,Celisse.Lindemann@gmail.com,physics
654,HayleyHylan,Hayley,Hylan,Hayley.Hylan@gmail.com,computer science
655,GabrielliaRosalba,Gabriellia,Rosalba,Gabriellia.Rosalba@gmail.com,biology
656,HollieMaroney,Hollie,Maroney,Hollie.Maroney@gmail.com,art
657,EboneeSchwejda,Ebonee,Schwejda,Ebonee.Schwejda@gmail.com,history
658,SophiaBrandice,Sophia,Brandice,Sophia.Brandice@gmail.com,english
659,JustinnClarissa,Justinn,Clarissa,Justinn.Clarissa@gmail.com,computer science
660,NitaDulciana,Nita,Dulciana,Nita.Dulciana@gmail.com,art
661,ConsuelaColp,Consuela,Colp,Consuela.Colp@gmail.com,physics
662,JocelineAstra,Joceline,Astra,Joceline.Astra@gmail.com,art
663,MaryellenBeniamino,Maryellen,Beniamino,Maryellen.Beniamino@gmail.com,english
664,GratiaBryna,Gratia,Bryna,Gratia.Bryna@gmail.com,physics
665,ArynVirgin,Aryn,Virgin,Aryn.Virgin@gmail.com,physics
666,AnnalieseEdee,Annaliese,Edee,Annaliese.Edee@gmail.com,history
667,RainaRaimondo,Raina,Raimondo,Raina.Raimondo@gmail.com,art
668,MadelleRiva,Madelle,Riva,Madelle.Riva@gmail.com,history
669,AnthiaAx,Anthia,Ax,Anthia.Ax@gmail.com,biology
670,BasiaAaberg,Basia,Aaberg,Basia.Aaberg@gmail.com,undeclared
671,ToriPhaidra,Tori,Phaidra,Tori.Phaidra@gmail.com,computer science
672,DeedeeHylan,Deedee,Hylan,Deedee.Hylan@gmail.com,physics
673,FeliceFitzsimmons,Felice,Fitzsimmons,Felice.Fitzsimmons@gmail.com,computer science
674,CybDamarra,Cyb,Damarra,Cyb.Damarra@gmail.com,biology
675,NonnahAlrich,Nonnah,Alrich,Nonnah.Alrich@gmail.com,undeclared
676,JoellySimmonds,Joelly,Simmonds,Joelly.Simmonds@gmail.com,physics
677,KateWesle,Kate,Wesle,Kate.Wesle@gmail.com,biology
678,EsmeraldaDurante,Esmeralda,Durante,Esmeralda.Durante@gmail.com,physics
679,MariannGrayce,Mariann,Grayce,Mariann.Grayce@gmail.com,art
680,SeanThilda,Sean,Thilda,Sean.Thilda@gmail.com,history
681,ElyssaParette,Elyssa,Parette,Elyssa.Parette@gmail.com,art
682,RosalineJanith,Rosaline,Janith,Rosaline.Janith@gmail.com,english
683,TobeWolfgram,Tobe,Wolfgram,Tobe.Wolfgram@gmail.com,physics
684,SabinaDiann,Sabina,Diann,Sabina.Diann@gmail.com,english
685,DoreneZina,Dorene,Zina,Dorene.Zina@gmail.com,undeclared
686,ChristianBibi,Christian,Bibi,Christian.Bibi@gmail.com,english
687,BobinetteKatrine,Bobinette,Katrine,Bobinette.Katrine@gmail.com,english
688,LilithGower,Lilith,Gower,Lilith.Gower@gmail.com,physics
689,RebecaMaiah,Rebeca,Maiah,Rebeca.Maiah@gmail.com,physics
690,MeghannWind,Meghann,Wind,Meghann.Wind@gmail.com,computer science
691,NinnettaNatica,Ninnetta,Natica,Ninnetta.Natica@gmail.com,history
692,HeddieDorothy,Heddie,Dorothy,Heddie.Dorothy@gmail.com,physics
693,NollieStanwood,Nollie,Stanwood,Nollie.Stanwood@gmail.com,english
694,GiselaJena,Gisela,Jena,Gisela.Jena@gmail.com,computer science
695,CorlyTorray,Corly,Torray,Corly.Torray@gmail.com,biology
696,ClaryGoode,Clary,Goode,Clary.Goode@gmail.com,english
697,JanennaRurik,Janenna,Rurik,Janenna.Rurik@gmail.com,history
698,ErnestaYusuk,Ernesta,Yusuk,Ernesta.Yusuk@gmail.com,computer science
699,BernieZitvaa,Bernie,Zitvaa,Bernie.Zitvaa@gmail.com,art
700,FloFelecia,Flo,Felecia,Flo.Felecia@gmail.com,art
701,RutheMerriott,Ruthe,Merriott,Ruthe.Merriott@gmail.com,art
702,BrynnaSusannah,Brynna,Susannah,Brynna.Susannah@gmail.com,art
703,DonettaBennie,Donetta,Bennie,Donetta.Bennie@gmail.com,english
704,NollieMagdalen,Nollie,Magdalen,Nollie.Magdalen@gmail.com,history
705,AdoreNeva,Adore,Neva,Adore.Neva@gmail.com,art
706,DolliGoldina,Dolli,Goldina,Dolli.Goldina@gmail.com,history
707,JoaneNaor,Joane,Naor,Joane.Naor@gmail.com,computer science
708,RoseneRillings,Rosene,Rillings,Rosene.Rillings@gmail.com,computer science
709,TraceyMorrill,Tracey,Morrill,Tracey.Morrill@gmail.com,computer science
710,AlishaKirstin,Alisha,Kirstin,Alisha.Kirstin@gmail.com,biology
711,HannisGermann,Hannis,Germann,Hannis.Germann@gmail.com,history
712,OraleePierette,Oralee,Pierette,Oralee.Pierette@gmail.com,computer science
713,CallaMartguerita,Calla,Martguerita,Calla.Martguerita@gmail.com,physics
714,EvitaGregrory,Evita,Gregrory,Evita.Gregrory@gmail.com,english
715,MureilBaudin,Mureil,Baudin,Mureil.Baudin@gmail.com,computer science
716,AlbertinaRoche,Albertina,Roche,Albertina.Roche@gmail.com,biology
717,JaneczkaTufts,Janeczka,Tufts,Janeczka.Tufts@gmail.com,history
718,WendiLoring,Wendi,Loring,Wendi.Loring@gmail.com,art
719,AgneseDoig,Agnese,Doig,Agnese.Doig@gmail.com,biology
720,AmeliaLewes,Amelia,Lewes,Amelia.Lewes@gmail.com,computer science
721,AlexineMilson,Alexine,Milson,Alexine.Milson@gmail.com,undeclared
722,Carol-JeanAshely,Carol-Jean,Ashely,Carol-Jean.Ashely@gmail.com,undeclared
723,PieretteBohlin,Pierette,Bohlin,Pierette.Bohlin@gmail.com,history
724,ThaliaBrenn,Thalia,Brenn,Thalia.Brenn@gmail.com,computer science
725,GretalLilybelle,Gretal,Lilybelle,Gretal.Lilybelle@gmail.com,undeclared
726,ThaliaSigfrid,Thalia,Sigfrid,Thalia.Sigfrid@gmail.com,history
727,LivvyyCornelia,Livvyy,Cornelia,Livvyy.Cornelia@gmail.com,history
728,IlseFrendel,Ilse,Frendel,Ilse.Frendel@gmail.com,biology
729,DesiraeAlcott,Desirae,Alcott,Desirae.Alcott@gmail.com,history
730,JeannaKermit,Jeanna,Kermit,Jeanna.Kermit@gmail.com,english
731,AlexThema,Alex,Thema,Alex.Thema@gmail.com,english
732,BinnyLilybelle,Binny,Lilybelle,Binny.Lilybelle@gmail.com,art
733,DaciaLatini,Dacia,Latini,Dacia.Latini@gmail.com,english
734,BrineyNadia,Briney,Nadia,Briney.Nadia@gmail.com,biology
735,MalloryScammon,Mallory,Scammon,Mallory.Scammon@gmail.com,undeclared
736,JacquettaPeg,Jacquetta,Peg,Jacquetta.Peg@gmail.com,undeclared
737,KasseyCloris,Kassey,Cloris,Kassey.Cloris@gmail.com,physics
738,CharlenaAudly,Charlena,Audly,Charlena.Audly@gmail.com,physics
739,EmmaJuan,Emma,Juan,Emma.Juan@gmail.com,computer science
740,ClementineZaslow,Clementine,Zaslow,Clementine.Zaslow@gmail.com,history
741,JanennaEllord,Janenna,Ellord,Janenna.Ellord@gmail.com,computer science
742,KarinaGarek,Karina,Garek,Karina.Garek@gmail.com,computer science
743,KirstinKristi,Kirstin,Kristi,Kirstin.Kristi@gmail.com,art
744,PearlineRadu,Pearline,Radu,Pearline.Radu@gmail.com,computer science
745,AudrieDreda,Audrie,Dreda,Audrie.Dreda@gmail.com,biology
746,ShandieFreddi,Shandie,Freddi,Shandie.Freddi@gmail.com,art
747,GeorgettaGunn,Georgetta,Gunn,Georgetta.Gunn@gmail.com,undeclared
748,AlieHoran,Alie,Horan,Alie.Horan@gmail.com,undeclared
749,ClaudinaFosque,Claudina,Fosque,Claudina.Fosque@gmail.com,undeclared
750,BeatrizTristram,Beatriz,Tristram,Beatriz.Tristram@gmail.com,art
751,OttilieCorilla,Ottilie,Corilla,Ottilie.Corilla@gmail.com,physics
752,MagdalenaNunci,Magdalena,Nunci,Magdalena.Nunci@gmail.com,english
753,TiffieJobi,Tiffie,Jobi,Tiffie.Jobi@gmail.com,english
754,XylinaMerriott,Xylina,Merriott,Xylina.Merriott@gmail.com,art
755,ElletteIlka,Ellette,Ilka,Ellette.Ilka@gmail.com,english
756,MyrticeDaveta,Myrtice,Daveta,Myrtice.Daveta@gmail.com,computer science
757,TarraFleeta,Tarra,Fleeta,Tarra.Fleeta@gmail.com,art
758,ShelMallon,Shel,Mallon,Shel.Mallon@gmail.com,computer science
759,ValeraHutchison,Valera,Hutchison,Valera.Hutchison@gmail.com,english
760,DaniaSparhawk,Dania,Sparhawk,Dania.Sparhawk@gmail.com,art
761,LolitaBerne,Lolita,Berne,Lolita.Berne@gmail.com,physics
762,MarylouAx,Marylou,Ax,Marylou.Ax@gmail.com,art
763,TamiMargret,Tami,Margret,Tami.Margret@gmail.com,undeclared
764,AlamedaCarri,Alameda,Carri,Alameda.Carri@gmail.com,physics
765,BertaHull,Berta,Hull,Berta.Hull@gmail.com,undeclared
766,Ann-MarieAlrich,Ann-Marie,Alrich,Ann-Marie.Alrich@gmail.com,physics
767,JudyLaRue,Judy,LaRue,Judy.LaRue@gmail.com,english
768,TierneyWadell,Tierney,Wadell,Tierney.Wadell@gmail.com,undeclared
769,BernieCarey,Bernie,Carey,Bernie.Carey@gmail.com,computer science
770,QuintinaDiogenes,Quintina,Diogenes,Quintina.Diogenes@gmail.com,history
771,EmmeyWeaks,Emmey,Weaks,Emmey.Weaks@gmail.com,physics
772,ConstancePernick,Constance,Pernick,Constance.Pernick@gmail.com,history
773,HyacintheCouture,Hyacinthe,Couture,Hyacinthe.Couture@gmail.com,art
774,MarlineFosque,Marline,Fosque,Marline.Fosque@gmail.com,biology
775,JeannaSecrest,Jeanna,Secrest,Jeanna.Secrest@gmail.com,biology
776,LouellaCorabella,Louella,Corabella,Louella.Corabella@gmail.com,computer science
777,SonniAprile,Sonni,Aprile,Sonni.Aprile@gmail.com,english
778,MaryellenBrian,Maryellen,Brian,Maryellen.Brian@gmail.com,biology
779,SeanNeva,Sean,Neva,Sean.Neva@gmail.com,computer science
780,CoreneWooster,Corene,Wooster,Corene.Wooster@gmail.com,biology
781,AdelleBronk,Adelle,Bronk,Adelle.Bronk@gmail.com,art
782,ElyssaLaRue,Elyssa,LaRue,Elyssa.LaRue@gmail.com,art
783,KaryRomelda,Kary,Romelda,Kary.Romelda@gmail.com,history
784,BlakeLinskey,Blake,Linskey,Blake.Linskey@gmail.com,art
785,MaiseyKalinda,Maisey,Kalinda,Maisey.Kalinda@gmail.com,english
786,DaniaKat,Dania,Kat,Dania.Kat@gmail.com,art
787,EuginePattin,Eugine,Pattin,Eugine.Pattin@gmail.com,physics
788,GuiDorothy,Gui,Dorothy,Gui.Dorothy@gmail.com,history
789,NinnettaRaimondo,Ninnetta,Raimondo,Ninnetta.Raimondo@gmail.com,undeclared
790,OraleeCordi,Oralee,Cordi,Oralee.Cordi@gmail.com,physics
791,VerlaDiann,Verla,Diann,Verla.Diann@gmail.com,history
792,RutheDemitria,Ruthe,Demitria,Ruthe.Demitria@gmail.com,undeclared
793,DawnElvyn,Dawn,Elvyn,Dawn.Elvyn@gmail.com,undeclared
794,ShirleeDestinee,Shirlee,Destinee,Shirlee.Destinee@gmail.com,computer science
795,AnnecorinneFry,Annecorinne,Fry,Annecorinne.Fry@gmail.com,computer science
796,AimilConnelly,Aimil,Connelly,Aimil.Connelly@gmail.com,computer science
797,CollenPayson,Collen,Payson,Collen.Payson@gmail.com,history
798,KialStilwell,Kial,Stilwell,Kial.Stilwell@gmail.com,history
799,CorreyZaslow,Correy,Zaslow,Correy.Zaslow@gmail.com,art
800,WileenSholley,Wileen,Sholley,Wileen.Sholley@gmail.com,computer science
801,DeloriaDenis,Deloria,Denis,Deloria.Denis@gmail.com,art
802,IdaMinetta,Ida,Minetta,Ida.Minetta@gmail.com,undeclared
803,LyndeSidonius,Lynde,Sidonius,Lynde.Sidonius@gmail.com,physics
804,ClementineNelsen,Clementine,Nelsen,Clementine.Nelsen@gmail.com,undeclared
805,LarinePulsifer,Larine,Pulsifer,Larine.Pulsifer@gmail.com,art
806,KajaSancho,Kaja,Sancho,Kaja.Sancho@gmail.com,english
807,TersinaLinehan,Tersina,Linehan,Tersina.Linehan@gmail.com,art
808,BrenaJoli,Brena,Joli,Brena.Joli@gmail.com,physics
809,TarraBach,Tarra,Bach,Tarra.Bach@gmail.com,art
810,LyssaJapeth,Lyssa,Japeth,Lyssa.Japeth@gmail.com,art
811,NettyFulmer,Netty,Fulmer,Netty.Fulmer@gmail.com,art
812,ClementineJoeann,Clementine,Joeann,Clementine.Joeann@gmail.com,undeclared
813,MartiDulciana,Marti,Dulciana,Marti.Dulciana@gmail.com,physics
814,TiffieJoli,Tiffie,Joli,Tiffie.Joli@gmail.com,english
815,LelahAmand,Lelah,Amand,Lelah.Amand@gmail.com,physics
816,KaryLarochelle,Kary,Larochelle,Kary.Larochelle@gmail.com,english
817,ClariceSundin,Clarice,Sundin,Clarice.Sundin@gmail.com,undeclared
818,LibbieDelp,Libbie,Delp,Libbie.Delp@gmail.com,undeclared
819,NicoliCleavland,Nicoli,Cleavland,Nicoli.Cleavland@gmail.com,art
820,ErickaBebe,Ericka,Bebe,Ericka.Bebe@gmail.com,english
821,BriannaRosemary,Brianna,Rosemary,Brianna.Rosemary@gmail.com,physics
822,FanchonToni,Fanchon,Toni,Fanchon.Toni@gmail.com,computer science
823,ConstanceRosemary,Constance,Rosemary,Constance.Rosemary@gmail.com,english
824,TarraHartnett,Tarra,Hartnett,Tarra.Hartnett@gmail.com,history
825,ChastityKirstin,Chastity,Kirstin,Chastity.Kirstin@gmail.com,physics
826,DulcePrimalia,Dulce,Primalia,Dulce.Primalia@gmail.com,art
827,AlleenNahum,Alleen,Nahum,Alleen.Nahum@gmail.com,biology
828,ErnestaAdrienne,Ernesta,Adrienne,Ernesta.Adrienne@gmail.com,history
829,RosabelleBennie,Rosabelle,Bennie,Rosabelle.Bennie@gmail.com,art
830,ArdeenSisile,Ardeen,Sisile,Ardeen.Sisile@gmail.com,physics
831,DesiraeMarkman,Desirae,Markman,Desirae.Markman@gmail.com,biology
832,CharissaKhorma,Charissa,Khorma,Charissa.Khorma@gmail.com,undeclared
833,JinnySekofski,Jinny,Sekofski,Jinny.Sekofski@gmail.com,physics
834,FloryHewitt,Flory,Hewitt,Flory.Hewitt@gmail.com,biology
835,MerrieJustinn,Merrie,Justinn,Merrie.Justinn@gmail.com,physics
836,LucilleGemini,Lucille,Gemini,Lucille.Gemini@gmail.com,physics
837,JemieDearborn,Jemie,Dearborn,Jemie.Dearborn@gmail.com,computer science
838,BrooksJena,Brooks,Jena,Brooks.Jena@gmail.com,art
839,JennicaAdalbert,Jennica,Adalbert,Jennica.Adalbert@gmail.com,english
840,AmalieRaychel,Amalie,Raychel,Amalie.Raychel@gmail.com,history
841,LuciShaddock,Luci,Shaddock,Luci.Shaddock@gmail.com,computer science
842,CybLay,Cyb,Lay,Cyb.Lay@gmail.com,physics
843,ArabelYuille,Arabel,Yuille,Arabel.Yuille@gmail.com,art
844,JanyRies,Jany,Ries,Jany.Ries@gmail.com,biology
845,EolandaStephie,Eolanda,Stephie,Eolanda.Stephie@gmail.com,history
846,MarinnaHarl,Marinna,Harl,Marinna.Harl@gmail.com,biology
847,BeverleyDiann,Beverley,Diann,Beverley.Diann@gmail.com,physics
848,DannyFrendel,Danny,Frendel,Danny.Frendel@gmail.com,undeclared
849,DaciaKoehler,Dacia,Koehler,Dacia.Koehler@gmail.com,history
850,Kara-LynnRobertson,Kara-Lynn,Robertson,Kara-Lynn.Robertson@gmail.com,undeclared
851,JillayneHeidt,Jillayne,Heidt,Jillayne.Heidt@gmail.com,computer science
852,MelanieHepsibah,Melanie,Hepsibah,Melanie.Hepsibah@gmail.com,computer science
853,FanchonBrenn,Fanchon,Brenn,Fanchon.Brenn@gmail.com,art
854,FannyTillford,Fanny,Tillford,Fanny.Tillford@gmail.com,physics
855,BrandiseToni,Brandise,Toni,Brandise.Toni@gmail.com,computer science
856,DennieGeffner,Dennie,Geffner,Dennie.Geffner@gmail.com,art
857,TobeButtaro,Tobe,Buttaro,Tobe.Buttaro@gmail.com,biology
858,WileenMartguerita,Wileen,Martguerita,Wileen.Martguerita@gmail.com,computer science
859,AntoniettaHeidt,Antonietta,Heidt,Antonietta.Heidt@gmail.com,english
860,RonnaKress,Ronna,Kress,Ronna.Kress@gmail.com,computer science
861,LeonaPattin,Leona,Pattin,Leona.Pattin@gmail.com,history
862,GusellaCorrine,Gusella,Corrine,Gusella.Corrine@gmail.com,physics
863,GianinaFink,Gianina,Fink,Gianina.Fink@gmail.com,biology
864,EzmeraldaTannie,Ezmeralda,Tannie,Ezmeralda.Tannie@gmail.com,biology
865,MignonJillane,Mignon,Jillane,Mignon.Jillane@gmail.com,english
866,RoxanePercy,Roxane,Percy,Roxane.Percy@gmail.com,computer science
867,StaceyFaro,Stacey,Faro,Stacey.Faro@gmail.com,biology
868,AlamedaSchroth,Alameda,Schroth,Alameda.Schroth@gmail.com,art
869,OlivetteConstancy,Olivette,Constancy,Olivette.Constancy@gmail.com,history
870,GeorginaConcha,Georgina,Concha,Georgina.Concha@gmail.com,biology
871,RubieWeide,Rubie,Weide,Rubie.Weide@gmail.com,history
872,ModestiaDermott,Modestia,Dermott,Modestia.Dermott@gmail.com,computer science
873,IlseTamar,Ilse,Tamar,Ilse.Tamar@gmail.com,english
874,FarrahDocilla,Farrah,Docilla,Farrah.Docilla@gmail.com,biology
875,BranaHimelman,Brana,Himelman,Brana.Himelman@gmail.com,art
876,BeeDermott,Bee,Dermott,Bee.Dermott@gmail.com,history
877,HettieMaiah,Hettie,Maiah,Hettie.Maiah@gmail.com,history
878,FelizaTamar,Feliza,Tamar,Feliza.Tamar@gmail.com,english
879,BettaMorgun,Betta,Morgun,Betta.Morgun@gmail.com,computer science
880,FanchonIdelia,Fanchon,Idelia,Fanchon.Idelia@gmail.com,computer science
881,ZariaTengdin,Zaria,Tengdin,Zaria.Tengdin@gmail.com,physics
882,RochetteSusannah,Rochette,Susannah,Rochette.Susannah@gmail.com,physics
883,JoyFerino,Joy,Ferino,Joy.Ferino@gmail.com,art
884,LolitaLesley,Lolita,Lesley,Lolita.Lesley@gmail.com,english
885,NaneteAlcott,Nanete,Alcott,Nanete.Alcott@gmail.com,history
886,SallieShanley,Sallie,Shanley,Sallie.Shanley@gmail.com,art
887,EboneeMagnolia,Ebonee,Magnolia,Ebonee.Magnolia@gmail.com,history
888,LannaKunin,Lanna,Kunin,Lanna.Kunin@gmail.com,biology
889,MayeGoth,Maye,Goth,Maye.Goth@gmail.com,history
890,LindieKelula,Lindie,Kelula,Lindie.Kelula@gmail.com,history
891,HaletteJobi,Halette,Jobi,Halette.Jobi@gmail.com,physics
892,BelvaGuthrie,Belva,Guthrie,Belva.Guthrie@gmail.com,computer science
893,BriannaButtaro,Brianna,Buttaro,Brianna.Buttaro@gmail.com,art
894,ImojeanStevy,Imojean,Stevy,Imojean.Stevy@gmail.com,biology
895,AshleeTippets,Ashlee,Tippets,Ashlee.Tippets@gmail.com,undeclared
896,NitaJehu,Nita,Jehu,Nita.Jehu@gmail.com,undeclared
897,NadineTrace,Nadine,Trace,Nadine.Trace@gmail.com,biology
898,EolandaHillel,Eolanda,Hillel,Eolanda.Hillel@gmail.com,biology
899,ElyssaMcNully,Elyssa,McNully,Elyssa.McNully@gmail.com,english
900,LyssaJoachim,Lyssa,Joachim,Lyssa.Joachim@gmail.com,english
901,CybPierette,Cyb,Pierette,Cyb.Pierette@gmail.com,undeclared
902,LinetIlka,Linet,Ilka,Linet.Ilka@gmail.com,english
903,TybieBrackely,Tybie,Brackely,Tybie.Brackely@gmail.com,physics
904,LeeanneLumbard,Leeanne,Lumbard,Leeanne.Lumbard@gmail.com,physics
905,AllyceMcCutcheon,Allyce,McCutcheon,Allyce.McCutcheon@gmail.com,computer science
906,FelizaGale,Feliza,Gale,Feliza.Gale@gmail.com,history
907,MerrieBebe,Merrie,Bebe,Merrie.Bebe@gmail.com,english
908,ChlorisReinke,Chloris,Reinke,Chloris.Reinke@gmail.com,english
909,AudrieLemuela,Audrie,Lemuela,Audrie.Lemuela@gmail.com,biology
910,ElenaNester,Elena,Nester,Elena.Nester@gmail.com,computer science
911,BethMartsen,Beth,Martsen,Beth.Martsen@gmail.com,english
912,KialRogerio,Kial,Rogerio,Kial.Rogerio@gmail.com,undeclared
913,EdythYuille,Edyth,Yuille,Edyth.Yuille@gmail.com,english
914,LivvyyAdamsen,Livvyy,Adamsen,Livvyy.Adamsen@gmail.com,biology
915,DottyEvvie,Dotty,Evvie,Dotty.Evvie@gmail.com,physics
916,ChereKiyoshi,Chere,Kiyoshi,Chere.Kiyoshi@gmail.com,history
917,JendaYerkovich,Jenda,Yerkovich,Jenda.Yerkovich@gmail.com,undeclared
918,MildridCohdwell,Mildrid,Cohdwell,Mildrid.Cohdwell@gmail.com,physics
919,BillAida,Bill,Aida,Bill.Aida@gmail.com,undeclared
920,GiselaGilbertson,Gisela,Gilbertson,Gisela.Gilbertson@gmail.com,undeclared
921,NollieDiann,Nollie,Diann,Nollie.Diann@gmail.com,undeclared
922,FloRoxanna,Flo,Roxanna,Flo.Roxanna@gmail.com,art
923,SadieAida,Sadie,Aida,Sadie.Aida@gmail.com,undeclared
924,BobbiGordon,Bobbi,Gordon,Bobbi.Gordon@gmail.com,physics
925,PhylisLarochelle,Phylis,Larochelle,Phylis.Larochelle@gmail.com,computer science
926,ToriHoenack,Tori,Hoenack,Tori.Hoenack@gmail.com,english
927,KialMeans,Kial,Means,Kial.Means@gmail.com,undeclared
928,SophiaEzar,Sophia,Ezar,Sophia.Ezar@gmail.com,biology
929,AlishaVacuva,Alisha,Vacuva,Alisha.Vacuva@gmail.com,english
930,DelilahGilbertson,Delilah,Gilbertson,Delilah.Gilbertson@gmail.com,art
931,MeghannGillan,Meghann,Gillan,Meghann.Gillan@gmail.com,undeclared
932,CelisseAlbertine,Celisse,Albertine,Celisse.Albertine@gmail.com,biology
933,NonnahToni,Nonnah,Toni,Nonnah.Toni@gmail.com,physics
934,DoralynneDrisko,Doralynne,Drisko,Doralynne.Drisko@gmail.com,physics
935,CarittaNoelyn,Caritta,Noelyn,Caritta.Noelyn@gmail.com,undeclared
936,JorryVilma,Jorry,Vilma,Jorry.Vilma@gmail.com,biology
937,RandaTarrant,Randa,Tarrant,Randa.Tarrant@gmail.com,english
938,ModestiaSaint,Modestia,Saint,Modestia.Saint@gmail.com,art
939,ArlinaLilybelle,Arlina,Lilybelle,Arlina.Lilybelle@gmail.com,physics
940,MindaKaete,Minda,Kaete,Minda.Kaete@gmail.com,physics
941,CristineOrtrude,Cristine,Ortrude,Cristine.Ortrude@gmail.com,biology
942,LaylaAn,Layla,An,Layla.An@gmail.com,art
943,JeannaKravits,Jeanna,Kravits,Jeanna.Kravits@gmail.com,english
944,JustinnGaynor,Justinn,Gaynor,Justinn.Gaynor@gmail.com,biology
945,RozeleIzaak,Rozele,Izaak,Rozele.Izaak@gmail.com,history
946,CamileAida,Camile,Aida,Camile.Aida@gmail.com,computer science
947,RochetteObed,Rochette,Obed,Rochette.Obed@gmail.com,computer science
948,MureilBall,Mureil,Ball,Mureil.Ball@gmail.com,english
949,GusellaSheedy,Gusella,Sheedy,Gusella.Sheedy@gmail.com,history
950,JinnyTarrant,Jinny,Tarrant,Jinny.Tarrant@gmail.com,biology
951,LeontinePeonir,Leontine,Peonir,Leontine.Peonir@gmail.com,history
952,RobbiChrystel,Robbi,Chrystel,Robbi.Chrystel@gmail.com,english
953,AnalleseNeva,Anallese,Neva,Anallese.Neva@gmail.com,undeclared
954,CorinaSawtelle,Corina,Sawtelle,Corina.Sawtelle@gmail.com,history
955,JaclynKristi,Jaclyn,Kristi,Jaclyn.Kristi@gmail.com,physics
956,BeatrizCurren,Beatriz,Curren,Beatriz.Curren@gmail.com,english
957,JaneczkaViddah,Janeczka,Viddah,Janeczka.Viddah@gmail.com,undeclared
958,CandiDawkins,Candi,Dawkins,Candi.Dawkins@gmail.com,physics
959,ChereBuffum,Chere,Buffum,Chere.Buffum@gmail.com,art
960,KrystleThar,Krystle,Thar,Krystle.Thar@gmail.com,biology
961,ElfredaCyrie,Elfreda,Cyrie,Elfreda.Cyrie@gmail.com,undeclared
962,CamileLumbard,Camile,Lumbard,Camile.Lumbard@gmail.com,physics
963,SashenkaCristi,Sashenka,Cristi,Sashenka.Cristi@gmail.com,computer science
964,NoelleDorine,Noelle,Dorine,Noelle.Dorine@gmail.com,biology
965,IseabalMerriott,Iseabal,Merriott,Iseabal.Merriott@gmail.com,art
966,JanennaCloris,Janenna,Cloris,Janenna.Cloris@gmail.com,art
967,CindelynPillsbury,Cindelyn,Pillsbury,Cindelyn.Pillsbury@gmail.com,physics
968,GeorgettaBryna,Georgetta,Bryna,Georgetta.Bryna@gmail.com,history
969,JocelineIdelia,Joceline,Idelia,Joceline.Idelia@gmail.com,undeclared
970,Zsa ZsaLamoree,Zsa Zsa,Lamoree,Zsa Zsa.Lamoree@gmail.com,history
971,KaryZina,Kary,Zina,Kary.Zina@gmail.com,computer science
972,NyssaCecile,Nyssa,Cecile,Nyssa.Cecile@gmail.com,biology
973,AbbieZenas,Abbie,Zenas,Abbie.Zenas@gmail.com,history
974,ZariaStelle,Zaria,Stelle,Zaria.Stelle@gmail.com,biology
975,LorenzaNickola,Lorenza,Nickola,Lorenza.Nickola@gmail.com,undeclared
976,NitaBuckler,Nita,Buckler,Nita.Buckler@gmail.com,computer science
977,OlwenHertzfeld,Olwen,Hertzfeld,Olwen.Hertzfeld@gmail.com,computer science
978,MerleMelan,Merle,Melan,Merle.Melan@gmail.com,art
979,MegErminia,Meg,Erminia,Meg.Erminia@gmail.com,biology
980,ChereMott,Chere,Mott,Chere.Mott@gmail.com,computer science
981,MaureneCroix,Maurene,Croix,Maurene.Croix@gmail.com,physics
982,FideliaHarday,Fidelia,Harday,Fidelia.Harday@gmail.com,physics
983,ValedaFink,Valeda,Fink,Valeda.Fink@gmail.com,undeclared
984,DesiraeKimmie,Desirae,Kimmie,Desirae.Kimmie@gmail.com,undeclared
985,MahaliaJohanna,Mahalia,Johanna,Mahalia.Johanna@gmail.com,english
986,GavrielleRiva,Gavrielle,Riva,Gavrielle.Riva@gmail.com,computer science
987,FrankLudewig,Frank,Ludewig,Frank.Ludewig@gmail.com,biology
988,ClarestaLane,Claresta,Lane,Claresta.Lane@gmail.com,history
989,EvitaHarday,Evita,Harday,Evita.Harday@gmail.com,undeclared
990,BertaKress,Berta,Kress,Berta.Kress@gmail.com,biology
991,ChristyLymann,Christy,Lymann,Christy.Lymann@gmail.com,undeclared
992,AynWhiffen,Ayn,Whiffen,Ayn.Whiffen@gmail.com,history
993,CindelynMalanie,Cindelyn,Malanie,Cindelyn.Malanie@gmail.com,computer science
994,DauneClywd,Daune,Clywd,Daune.Clywd@gmail.com,art
995,KrystleRegan,Krystle,Regan,Krystle.Regan@gmail.com,computer science
996,ShaineMorgun,Shaine,Morgun,Shaine.Morgun@gmail.com,biology
997,ShaunaCodding,Shauna,Codding,Shauna.Codding@gmail.com,computer science
998,JacentaMeli,Jacenta,Meli,Jacenta.Meli@gmail.com,art
999,ElbertinaTruc,Elbertina,Truc,Elbertina.Truc@gmail.com,computer science
1000,MeghannErb,Meghann,Erb,Meghann.Erb@gmail.com,undeclared