id,username,password,firstname,lastname,email,major
1,CodieFiester,!bsgc%mav,Codie,Fiester,Codie.Fiester@gmail.com,philosophy
2,MagdalenaNorrie," @i!w!LAaMC",Magdalena,Norrie,Magdalena.Norrie@gmail.com,history
3,MolliDyche,uGB=q&@ m,Molli,Dyche,Molli.Dyche@gmail.com,bioengineering
4,DyannDamarra,!#A%qFiZkfo,Dyann,Damarra,Dyann.Damarra@gmail.com,sociology
5,WilmaThunell,PoAX*ENtLSO!ZW*,Wilma,Thunell,Wilma.Thunell@gmail.com,computer science and engineering
6,JoyMedrek,^^Myr Bv +Ca,Joy,Medrek,Joy.Medrek@gmail.com,chemical sciences
7,DauneConstancy,+hcHMCcT#AED,Daune,Constancy,Daune.Constancy@gmail.com,sociology
8,PeriPulsifer,- )Hi)#k,Peri,Pulsifer,Peri.Pulsifer@gmail.com,cognitive science
9,ImojeanBethany,%Y^UTrrI!%aAPu,Imojean,Bethany,Imojean.Bethany@gmail.com,history
10,RivaleeRevkah,&Sv G PvwSkM,Rivalee,Revkah,Rivalee.Revkah@gmail.com,spanish
11,RosanneSilvan,y^j$umitEG(QD,Rosanne,Silvan,Rosanne.Silvan@gmail.com,history
12,ShellMendez,nu VgJgYs$$n@*,Shell,Mendez,Shell.Mendez@gmail.com,economics
13,LibbieKauppi,y^@mwx!KD ln,Libbie,Kauppi,Libbie.Kauppi@gmail.com,english
14,ClementineSikorski,bi$nr!*W,Clementine,Sikorski,Clementine.Sikorski@gmail.com,spanish
15,DioneBultman,-akUOTB)+ YFyQsI,Dione,Bultman,Dione.Bultman@gmail.com,critical race and ethnic studies
16,JobiLutero,plhjkDI*XOc,Jobi,Lutero,Jobi.Lutero@gmail.com,management and business economics
17,CordiRad,mV-Oo#HgnT*+,Cordi,Rad,Cordi.Rad@gmail.com,sociology
18,PhedraMonaco,Q=ocfQajyHOGVsH,Phedra,Monaco,Phedra.Monaco@gmail.com,environmental engineering
19,GustyTimon,!+@Kg_aJUh(,Gusty,Timon,Gusty.Timon@gmail.com,spanish
20,KaryVharat,nPF&JFfjf$!gRB#,Kary,Vharat,Kary.Vharat@gmail.com,history
21,MamieGrayce,(UPDeoIV *NJb=G,Mamie,Grayce,Mamie.Grayce@gmail.com,psychology
22,OlwenAnis,^foibtab)g,Olwen,Anis,Olwen.Anis@gmail.com,chemical sciences
23,SilvanaLindemann,pNHxEqyXcJK!t,Silvana,Lindemann,Silvana.Lindemann@gmail.com,public health
24,MureilCavan,IwUM Q(BmK,Mureil,Cavan,Mureil.Cavan@gmail.com,civil engineering
25,CarreeErich,T^JqUEEfrz,Carree,Erich,Carree.Erich@gmail.com,history
26,EzmeraldaZenas,a_sMbdR !nj#Qk,Ezmeralda,Zenas,Ezmeralda.Zenas@gmail.com,economics
27,VedaRuvolo,=s&@&ejQVLm!lp,Veda,Ruvolo,Veda.Ruvolo@gmail.com,political science
28,IdaEldrid,hkszh-ICsBa_,Ida,Eldrid,Ida.Eldrid@gmail.com,english
29,MarleahBeebe,xmSWpVsa,Marleah,Beebe,Marleah.Beebe@gmail.com,materials sciences and engineering
30,AshleeEuridice,Y*@)PiFM%VZ^A,Ashlee,Euridice,Ashlee.Euridice@gmail.com,critical race and ethnic studies
31,ArynKhorma,toCKFwFedNEz,Aryn,Khorma,Aryn.Khorma@gmail.com,biological sciences
32,CarolinaParsaye,IcJnlR=hmnpsSLt,Carolina,Parsaye,Carolina.Parsaye@gmail.com,materials sciences and engineering
33,AnthiaAtcliffe,eEKuo-+drmIc,Anthia,Atcliffe,Anthia.Atcliffe@gmail.com,cognitive science
34,MerciCaitlin,+cZiYlum R_,Merci,Caitlin,Merci.Caitlin@gmail.com,mechanical engineering
35,DoralynneGranoff,FtNBjlXx!MK(&G_,Doralynne,Granoff,Doralynne.Granoff@gmail.com,chemical sciences
36,AlbertinaYate,k*cy_DMr,Albertina,Yate,Albertina.Yate@gmail.com,computer science and engineering
37,AllisIsidore,@=UIJmDx(gJK O,Allis,Isidore,Allis.Isidore@gmail.com,management and business economics
38,VikiZitvaa,kIVdC%_Ipb,Viki,Zitvaa,Viki.Zitvaa@gmail.com,global arts studies program
39,RhodaSallyann,dYqjR@iNaLzFpX,Rhoda,Sallyann,Rhoda.Sallyann@gmail.com,global arts studies program
40,EttaMy,Y+kV!%*W_su@XpC(,Etta,My,Etta.My@gmail.com,chemical sciences
41,OrsolaSilvan,SJHTTXTfVO,Orsola,Silvan,Orsola.Silvan@gmail.com,sociology
42,ToniaVirgin,!w_ vN^T,Tonia,Virgin,Tonia.Virgin@gmail.com,global arts studies program
43,AddiaWeide,nXaMkhKWEOVXGO,Addia,Weide,Addia.Weide@gmail.com,civil engineering
44,SharleneDaegal,vud!FtIAGVH+U,Sharlene,Daegal,Sharlene.Daegal@gmail.com,cognitive science
45,AngelaMelleta,DHh-csb@ UmnXj,Angela,Melleta,Angela.Melleta@gmail.com,computer science and engineering
46,TherineBlase,(Qu-ibTfzfF  iJc,Therine,Blase,Therine.Blase@gmail.com,english
47,MegFerino,sWh^MW)I,Meg,Ferino,Meg.Ferino@gmail.com,computer science and engineering
48,KimmySallyann,*MpY(wNuJu^t,Kimmy,Sallyann,Kimmy.Sallyann@gmail.com,mechanical engineering
49,PerryDamarra,hqVrPl nok+&MS o,Perry,Damarra,Perry.Damarra@gmail.com,english
50,LoryMichella,Z &Hmc@I,Lory,Michella,Lory.Michella@gmail.com,environmental engineering
51,ImojeanPettiford,HROWN%cl,Imojean,Pettiford,Imojean.Pettiford@gmail.com,biological sciences
52,ElletteKirstin,H^qhwL_bA(tE),Ellette,Kirstin,Ellette.Kirstin@gmail.com,materials sciences and engineering
53,Sara-AnnKylander,_q+yHPL&w,Sara-Ann,Kylander,Sara-Ann.Kylander@gmail.com,psychology
54,EttaSkell,fQbBLVKYtd iYg#,Etta,Skell,Etta.Skell@gmail.com,cognitive science
55,ConstanceHoran,JedkxB_!*yO,Constance,Horan,Constance.Horan@gmail.com,political science
56,MichelineHaymes,FrGFsDD&##%bHAM,Micheline,Haymes,Micheline.Haymes@gmail.com,mechanical engineering
57,ShaineGeffner,#!_SX@g HVdB%Jcc,Shaine,Geffner,Shaine.Geffner@gmail.com,biological sciences
58,RozeleDouglass,KPAJcAJBZNo_,Rozele,Douglass,Rozele.Douglass@gmail.com,sociology
59,JaneczkaBarrus,ZSpc%eu@jqB+E&i,Janeczka,Barrus,Janeczka.Barrus@gmail.com,anthropology
60,MarlineGualtiero,&F)$RL@F,Marline,Gualtiero,Marline.Gualtiero@gmail.com,environmental engineering
61,AliaLibna,$(CiaAeL&Xt,Alia,Libna,Alia.Libna@gmail.com,global arts studies program
62,LyndePettiford,J*aMWYfb)rWC,Lynde,Pettiford,Lynde.Pettiford@gmail.com,psychology
63,WynneAudly,GSStvci HniVRH,Wynne,Audly,Wynne.Audly@gmail.com,public health
64,GusellaGaulin," dkMFbSd%I(",Gusella,Gaulin,Gusella.Gaulin@gmail.com,applied mathematical sciences
65,ErmengardeGillan,_f)@ F=vBuJroU,Ermengarde,Gillan,Ermengarde.Gillan@gmail.com,economics
66,BobinetteGahl,mSMO!RHaCT(%&Z,Bobinette,Gahl,Bobinette.Gahl@gmail.com,materials sciences and engineering
67,BasiaLynn,HSk -@!!)axu,Basia,Lynn,Basia.Lynn@gmail.com,environmental engineering
68,MerrieBeebe,wIlDPLVarsXi*b,Merrie,Beebe,Merrie.Beebe@gmail.com,materials sciences and engineering
69,KeeliaSaint,MxFhh)$xE,Keelia,Saint,Keelia.Saint@gmail.com,computer science and engineering
70,ChandraCornelia,WIpaOXdEpC(CAAy,Chandra,Cornelia,Chandra.Cornelia@gmail.com,critical race and ethnic studies
71,ArdeenZaslow,P(UzvIqavRl &R@,Ardeen,Zaslow,Ardeen.Zaslow@gmail.com,global arts studies program
72,JackieQuent,)Eu-c kq^p),Jackie,Quent,Jackie.Quent@gmail.com,applied mathematical sciences
73,WilmaRhu,AWGeWANq=ByQ!,Wilma,Rhu,Wilma.Rhu@gmail.com,biological sciences
74,IdaConnelly,yOP-*+sO%l)&#,Ida,Connelly,Ida.Connelly@gmail.com,environmental engineering
75,ReebaBreed,"mPqHAlPao$L_xj ",Reeba,Breed,Reeba.Breed@gmail.com,english
76,BobbiWoodberry,Vw#wN(*=nP EX,Bobbi,Woodberry,Bobbi.Woodberry@gmail.com,biological sciences
77,TaniAzeria,nRZ^(cECe$nq,Tani,Azeria,Tani.Azeria@gmail.com,public health
78,SherrieRebecka,Pai$pms(,Sherrie,Rebecka,Sherrie.Rebecka@gmail.com,mechanical engineering
79,QueenieBrenn,XtbfNHKNGSeVU,Queenie,Brenn,Queenie.Brenn@gmail.com,management and business economics
80,AnnalieseHalsey,NjwL-)LN,Annaliese,Halsey,Annaliese.Halsey@gmail.com,bioengineering
81,AltheaAugust,(OK_@lES,Althea,August,Althea.August@gmail.com,applied mathematical sciences
82,MarcellineKauppi,-owjZlXo@(,Marcelline,Kauppi,Marcelline.Kauppi@gmail.com,anthropology
83,ShereeGilmour,"faEVq@wy) ",Sheree,Gilmour,Sheree.Gilmour@gmail.com,history
84,DrucieStefa,H&S(hPG- dYnr+&,Drucie,Stefa,Drucie.Stefa@gmail.com,philosophy
85,IsaGusella,n-ha^pj%JAh(zv,Isa,Gusella,Isa.Gusella@gmail.com,management and business economics
86,LaurynMagnolia,*&*roFmG%phIx,Lauryn,Magnolia,Lauryn.Magnolia@gmail.com,bioengineering
87,CorryDurware,z&cQr@jw-L*O,Corry,Durware,Corry.Durware@gmail.com,materials sciences and engineering
88,MarjiePrimalia,SpCkj%LzrhH,Marjie,Primalia,Marjie.Primalia@gmail.com,bioengineering
89,RosabelleSkell,tisggM^HG,Rosabelle,Skell,Rosabelle.Skell@gmail.com,mechanical engineering
90,MelisentRiordan," ddipXpE-K",Melisent,Riordan,Melisent.Riordan@gmail.com,materials sciences and engineering
91,CissieeBouchard,jslzxkhW&)VMrS,Cissiee,Bouchard,Cissiee.Bouchard@gmail.com,management and business economics
92,EttaLea,xH__$Ha *X-j,Etta,Lea,Etta.Lea@gmail.com,cognitive science
93,JustinnAprile,DNMgq$jmY=aZfyhX,Justinn,Aprile,Justinn.Aprile@gmail.com,political science
94,GretalAudly,_+RZqIUfvflI,Gretal,Audly,Gretal.Audly@gmail.com,management and business economics
95,MathildaOld,*aTJQboRJtv=TIsV,Mathilda,Old,Mathilda.Old@gmail.com,environmental systems science
96,MargaloAder,pYD KIYaKwt,Margalo,Ader,Margalo.Ader@gmail.com,mechanical engineering
97,LilyLiva,aJdE+r#y)nQ#Cd,Lily,Liva,Lily.Liva@gmail.com,applied mathematical sciences
98,AddiaPyle,@DJXSV!+bn&xBWg,Addia,Pyle,Addia.Pyle@gmail.com,history
99,RosanneGlovsky,P-xvM)yGUof,Rosanne,Glovsky,Rosanne.Glovsky@gmail.com,english
100,RickyWarthman,MU@GB@HHbYeRX#,Ricky,Warthman,Ricky.Warthman@gmail.com,public health
101,GlynnisDelacourt,yGYVKbI*vb,Glynnis,Delacourt,Glynnis.Delacourt@gmail.com,critical race and ethnic studies
102,EttaPitt,YvldlZ) *Vv,Etta,Pitt,Etta.Pitt@gmail.com,global arts studies program
103,HeddieRosemary,VVG%n&vvyAQ=xfX%,Heddie,Rosemary,Heddie.Rosemary@gmail.com,biological sciences
104,LaureneDalli,EjC-(@ C+V Z,Laurene,Dalli,Laurene.Dalli@gmail.com,history
105,MelodieAllina,aDu)P^i_-Nx,Melodie,Allina,Melodie.Allina@gmail.com,environmental systems science
106,MichelineCath,"m*pCAl!oJvVP ",Micheline,Cath,Micheline.Cath@gmail.com,civil engineering
107,MishaIetta,$l^YO%Up=Xp,Misha,Ietta,Misha.Ietta@gmail.com,mechanical engineering
108,DoroHathaway,N-rbrxmjbQ@jD,Doro,Hathaway,Doro.Hathaway@gmail.com,anthropology
109,IraBevin,*QDScNwXSRxVX^BK,Ira,Bevin,Ira.Bevin@gmail.com,environmental engineering
110,MargaretteKussell," Ew)o#& eF+E",Margarette,Kussell,Margarette.Kussell@gmail.com,mechanical engineering
111,ShaylynEarlie,wwZvCE(Qy(aLcZC,Shaylyn,Earlie,Shaylyn.Earlie@gmail.com,bioengineering
112,FrederickaFlyn,xXUv$+t!RY,Fredericka,Flyn,Fredericka.Flyn@gmail.com,environmental engineering
113,JendaIetta,^Zt$TxgNRyribYi,Jenda,Ietta,Jenda.Ietta@gmail.com,psychology
114,AlmetaPillsbury,I EQeadxtNTXB%v_,Almeta,Pillsbury,Almeta.Pillsbury@gmail.com,cognitive science
115,SelmaStevy,iT+W)wl*SdL,Selma,Stevy,Selma.Stevy@gmail.com,political science
116,KalinaLucienne,sPn(S*CYUmnG_,Kalina,Lucienne,Kalina.Lucienne@gmail.com,cognitive science
117,CharlenaWind,B=POud#pdDI,Charlena,Wind,Charlena.Wind@gmail.com,global arts studies program
118,ShaylynKauppi,+qvAOkihodAc,Shaylyn,Kauppi,Shaylyn.Kauppi@gmail.com,public health
119,IlseRiordan,qdKujWB-yWRDs!R,Ilse,Riordan,Ilse.Riordan@gmail.com,public health
120,IvettAmmann,)f(abb=P^Lu&l#S,Ivett,Ammann,Ivett.Ammann@gmail.com,mechanical engineering
121,SianaGaynor," nLWyF# paGcc M^",Siana,Gaynor,Siana.Gaynor@gmail.com,cognitive science
122,Ann-MarieJerald,UKINQ$qGCvOt!tP,Ann-Marie,Jerald,Ann-Marie.Jerald@gmail.com,cognitive science
123,AbbieHelfand,^Z X&&@%,Abbie,Helfand,Abbie.Helfand@gmail.com,psychology
124,MillieMarsden,rrdn*xOj,Millie,Marsden,Millie.Marsden@gmail.com,spanish
125,MelanieMalina,ePwzWg II!J,Melanie,Malina,Melanie.Malina@gmail.com,spanish
126,MarsiellaKermit,e oZx&&WG YD,Marsiella,Kermit,Marsiella.Kermit@gmail.com,civil engineering
127,BernieLiva,H#HKzY$p,Bernie,Liva,Bernie.Liva@gmail.com,computer science and engineering
128,AmeliaHelfand,b yrC@Gx+ ald,Amelia,Helfand,Amelia.Helfand@gmail.com,critical race and ethnic studies
129,RiannonAloise,"RFE^adg&hO ) ",Riannon,Aloise,Riannon.Aloise@gmail.com,cognitive science
130,CarylMarsden,+hdhWgrYUYuJG,Caryl,Marsden,Caryl.Marsden@gmail.com,english
131,DamarisMathilde,bD)GXI+RmIh,Damaris,Mathilde,Damaris.Mathilde@gmail.com,applied mathematical sciences
132,CristineAnestassia,Hsy)jvIiaxH$,Cristine,Anestassia,Cristine.Anestassia@gmail.com,environmental engineering
133,PamellaBorrell,UKM&jbCCe,Pamella,Borrell,Pamella.Borrell@gmail.com,materials sciences and engineering
134,ErnestaAnyah,=LhnmHsSh,Ernesta,Anyah,Ernesta.Anyah@gmail.com,materials sciences and engineering
135,LisetteVivle,s-wyaRFB!v(xKhde,Lisette,Vivle,Lisette.Vivle@gmail.com,applied mathematical sciences
136,MariannCenter,$^$VIqXS(^,Mariann,Center,Mariann.Center@gmail.com,english
137,MelinaHollingsworth,AXXaz FFFuj-j,Melina,Hollingsworth,Melina.Hollingsworth@gmail.com,mechanical engineering
138,MillieKhorma,%VsqIE^=m-hraMIO,Millie,Khorma,Millie.Khorma@gmail.com,psychology
139,LorieWoodberry,G$SnQwgGP+jl,Lorie,Woodberry,Lorie.Woodberry@gmail.com,cognitive science
140,TaniRheingold,cu!l&Wp@f^pm*Lci,Tani,Rheingold,Tani.Rheingold@gmail.com,history
141,KimberleyRooney,z(H AC)j+gr^,Kimberley,Rooney,Kimberley.Rooney@gmail.com,public health
142,NannieGrayce,IIAQ K uAo_PyTz,Nannie,Grayce,Nannie.Grayce@gmail.com,english
143,OrsolaMadox,MQI! bLUJ,Orsola,Madox,Orsola.Madox@gmail.com,critical race and ethnic studies
144,JohnaDosia,iqB=i+A=ts $o&j,Johna,Dosia,Johna.Dosia@gmail.com,mechanical engineering
145,IsaKamaria,IZowp xIbkXR,Isa,Kamaria,Isa.Kamaria@gmail.com,computer science and engineering
146,StephanieGino,Q+IokfnYSCB,Stephanie,Gino,Stephanie.Gino@gmail.com,history
147,MolliRemmer,!^z%i-@cmQR=,Molli,Remmer,Molli.Remmer@gmail.com,psychology
148,GusellaDocilla,HZr%QstIQ^iITx=x,Gusella,Docilla,Gusella.Docilla@gmail.com,economics
149,JosephineNoelyn,U&sgMaGsl) u_@MF,Josephine,Noelyn,Josephine.Noelyn@gmail.com,environmental engineering
150,AnnalieseVary,SRF#mZTN(,Annaliese,Vary,Annaliese.Vary@gmail.com,computer science and engineering
151,KaryYate,-(qDY  r,Kary,Yate,Kary.Yate@gmail.com,philosophy
152,TamiIoab,$S$Ks Qh(Igbmkr,Tami,Ioab,Tami.Ioab@gmail.com,spanish
153,AlamedaVentre,#HI=pudoHw,Alameda,Ventre,Alameda.Ventre@gmail.com,public health
154,KirbeeLinskey,+LKRc!bL,Kirbee,Linskey,Kirbee.Linskey@gmail.com,philosophy
155,MichelineJobi,quiSp#X(xU^mA,Micheline,Jobi,Micheline.Jobi@gmail.com,chemical sciences
156,KrystleAlrich,lZs)c!qeI,Krystle,Alrich,Krystle.Alrich@gmail.com,cognitive science
157,HildegaardRanjiv,yUwz=reW,Hildegaard,Ranjiv,Hildegaard.Ranjiv@gmail.com,spanish
158,PaulitaRoscoe,R%DqNl_q,Paulita,Roscoe,Paulita.Roscoe@gmail.com,environmental engineering
159,AdrianaBeniamino,$Agelrr&,Adriana,Beniamino,Adriana.Beniamino@gmail.com,applied mathematical sciences
160,KatleenAhab,_(-+!uLts!ArZjt,Katleen,Ahab,Katleen.Ahab@gmail.com,english
161,FideliaLay,sM_uq(Xh=,Fidelia,Lay,Fidelia.Lay@gmail.com,anthropology
162,MildridHilbert,!iOJjjBWila+wAW,Mildrid,Hilbert,Mildrid.Hilbert@gmail.com,chemical sciences
163,OttilieHowlyn,uVOzi)rj,Ottilie,Howlyn,Ottilie.Howlyn@gmail.com,mechanical engineering
164,OraleeBonilla,*Ma_-c% y,Oralee,Bonilla,Oralee.Bonilla@gmail.com,materials sciences and engineering
165,PhilisGaspard,iIb+a*f-=EGk(,Philis,Gaspard,Philis.Gaspard@gmail.com,philosophy
166,MoynaGermann,c@JcJjAoFkXj,Moyna,Germann,Moyna.Germann@gmail.com,sociology
167,ConcettinaDelp,*QGP(pp(,Concettina,Delp,Concettina.Delp@gmail.com,civil engineering
168,LeeannePillsbury,EDyAosi+bxk,Leeanne,Pillsbury,Leeanne.Pillsbury@gmail.com,history
169,ElenaZina,Xhzb-E+FZs(,Elena,Zina,Elena.Zina@gmail.com,environmental systems science
170,IraThunell,InlB AdgKyqiI(mm,Ira,Thunell,Ira.Thunell@gmail.com,chemical sciences
171,MichelineTillford,Q)AABE^*oxYPY,Micheline,Tillford,Micheline.Tillford@gmail.com,english
172,GoldieAldric,ZOIaF)qBYX=sh%Z,Goldie,Aldric,Goldie.Aldric@gmail.com,computer science and engineering
173,MelodieCurren,UnAdudPhec ROQnK,Melodie,Curren,Melodie.Curren@gmail.com,biological sciences
174,LolitaStilwell,)vqSWKpr KA,Lolita,Stilwell,Lolita.Stilwell@gmail.com,chemical sciences
175,FrankRiordan,(MOXeFYw,Frank,Riordan,Frank.Riordan@gmail.com,public health
176,DolliLongfellow,=ncg%egG,Dolli,Longfellow,Dolli.Longfellow@gmail.com,sociology
177,OdessaWinnick,JQOkpEK_FO+  CRM,Odessa,Winnick,Odessa.Winnick@gmail.com,public health
178,XylinaIzaak,$a#ZWSxFW,Xylina,Izaak,Xylina.Izaak@gmail.com,history
179,OlivetteSi,x#@eo=hMVPb_!X,Olivette,Si,Olivette.Si@gmail.com,environmental systems science
180,BeatrizCleo," Z=u_#f+ZQJZW!F@",Beatriz,Cleo,Beatriz.Cleo@gmail.com,global arts studies program
181,MeghannBashemeth,(TyDB^x$LUAI@)l,Meghann,Bashemeth,Meghann.Bashemeth@gmail.com,critical race and ethnic studies
182,JasminaArtie,dMqcLwfW#TORc,Jasmina,Artie,Jasmina.Artie@gmail.com,environmental systems science
183,AdoreWandie,F#Lrw-HX ShdH%cP,Adore,Wandie,Adore.Wandie@gmail.com,history
184,AndeeeJefferey,"jUp!qLZqa ",Andeee,Jefferey,Andeee.Jefferey@gmail.com,environmental systems science
185,SabinaKarylin,#npcLt-Vg(%b*t,Sabina,Karylin,Sabina.Karylin@gmail.com,psychology
186,AubrieDelacourt,M^tgxKaB,Aubrie,Delacourt,Aubrie.Delacourt@gmail.com,environmental engineering
187,JoaneYoko,ZrHRuWQTa B(@c$P,Joane,Yoko,Joane.Yoko@gmail.com,environmental engineering
188,DaleKnowling,lfC$Y+px+,Dale,Knowling,Dale.Knowling@gmail.com,bioengineering
189,DanikaHathaway,ArwKLc*raa,Danika,Hathaway,Danika.Hathaway@gmail.com,environmental systems science
190,MichaelinaSinegold,Gr&=Uz*bdKqrZ,Michaelina,Sinegold,Michaelina.Sinegold@gmail.com,history
191,BinnySheng,"qLZrQgEXu=qdTaw ",Binny,Sheng,Binny.Sheng@gmail.com,environmental systems science
192,CoralEvangelia,OjO%fCI$MNkn sm#,Coral,Evangelia,Coral.Evangelia@gmail.com,bioengineering
193,MaraAmethist,"GDBI% R ",Mara,Amethist,Mara.Amethist@gmail.com,computer science and engineering
194,EmyleeSocha,lP_tJLvZgzz,Emylee,Socha,Emylee.Socha@gmail.com,spanish
195,VerlaZetta,PWn@R@mGJxA,Verla,Zetta,Verla.Zetta@gmail.com,economics
196,AugustineWilona,WLa*eKGyy nb=-r,Augustine,Wilona,Augustine.Wilona@gmail.com,public health
197,MerryBrittani,Fd *qPy X,Merry,Brittani,Merry.Brittani@gmail.com,english
198,SonniKorey,gweT)FpNR,Sonni,Korey,Sonni.Korey@gmail.com,english
199,ArynEiser,y^I%zPxweXPGc*wJ,Aryn,Eiser,Aryn.Eiser@gmail.com,biological sciences
200,MargaloDecato,=sctmg*+ZigaOj,Margalo,Decato,Margalo.Decato@gmail.com,chemical sciences
201,BlakeFrancene,VP^+DNdZgUOy,Blake,Francene,Blake.Francene@gmail.com,critical race and ethnic studies
202,FeliceIetta,!(ZixQDQW,Felice,Ietta,Felice.Ietta@gmail.com,critical race and ethnic studies
203,NadineGilbertson,Zvd+$SIduKeBUMx,Nadine,Gilbertson,Nadine.Gilbertson@gmail.com,bioengineering
204,GildaGarek,PIGKbEACuuzC,Gilda,Garek,Gilda.Garek@gmail.com,sociology
205,RickyLedah,pw VVz@v-,Ricky,Ledah,Ricky.Ledah@gmail.com,psychology
206,RozeleDex,RLOfSQq(cwH,Rozele,Dex,Rozele.Dex@gmail.com,cognitive science
207,RenieRoarke,@SFA%*#YJIkN,Renie,Roarke,Renie.Roarke@gmail.com,management and business economics
208,EloraTamsky,OSe+RU_g,Elora,Tamsky,Elora.Tamsky@gmail.com,english
209,FredGabrielli,ZdkBWjpRfd(F-,Fred,Gabrielli,Fred.Gabrielli@gmail.com,sociology
210,FlorieJoachim,U(N)In*(V=,Florie,Joachim,Florie.Joachim@gmail.com,anthropology
211,AmaraRaychel,"TM!N&pn^C ",Amara,Raychel,Amara.Raychel@gmail.com,computer science and engineering
212,DolliStoller,SfTskouGU!TX,Dolli,Stoller,Dolli.Stoller@gmail.com,civil engineering
213,ClariceIsidore,bd_Dp_Mqg(vl#,Clarice,Isidore,Clarice.Isidore@gmail.com,chemical sciences
214,LorySkurnik,)^A =^x(,Lory,Skurnik,Lory.Skurnik@gmail.com,civil engineering
215,LeontineUmmersen,E(fcr(ijiy!PY(,Leontine,Ummersen,Leontine.Ummersen@gmail.com,environmental systems science
216,LaurynMatthew,_jJCiJG&(s,Lauryn,Matthew,Lauryn.Matthew@gmail.com,anthropology
217,NarikoBerne,Gm&u^WG=GW,Nariko,Berne,Nariko.Berne@gmail.com,anthropology
218,FelizaGunn,u^yFXObqSrsSc_,Feliza,Gunn,Feliza.Gunn@gmail.com,computer science and engineering
219,ShannahWareing," t%!PzHz_X*",Shannah,Wareing,Shannah.Wareing@gmail.com,environmental systems science
220,GilliganMcNully,D*xU=SsF,Gilligan,McNully,Gilligan.McNully@gmail.com,public health
221,ElmiraRomelda,At^ZA&Mvo@,Elmira,Romelda,Elmira.Romelda@gmail.com,english
222,HannisBrian,myPFWcM&h*,Hannis,Brian,Hannis.Brian@gmail.com,materials sciences and engineering
223,ValedaEmanuel,DSagd+fbR,Valeda,Emanuel,Valeda.Emanuel@gmail.com,cognitive science
224,KimberleyJalbert,jP-^w%nv#pTy,Kimberley,Jalbert,Kimberley.Jalbert@gmail.com,civil engineering
225,RosalineNatalia,NcN-pJ+HwLVJ#ph,Rosaline,Natalia,Rosaline.Natalia@gmail.com,public health
226,ReginaDowski,NXxVNvdaCJqjtq,Regina,Dowski,Regina.Dowski@gmail.com,public health
227,DaleCamden,y_A+kdyV,Dale,Camden,Dale.Camden@gmail.com,sociology
228,JaneyRozanna,LzVtRAra-+!H)Av,Janey,Rozanna,Janey.Rozanna@gmail.com,cognitive science
229,TeddieRicarda,$vY!hc M#WrXu,Teddie,Ricarda,Teddie.Ricarda@gmail.com,anthropology
230,PhilisGenna,QLVGcexDoibb,Philis,Genna,Philis.Genna@gmail.com,cognitive science
231,AurelieGreenwald,lpqLIugVeu J*uR-,Aurelie,Greenwald,Aurelie.Greenwald@gmail.com,environmental engineering
232,MindaVharat,"e=_(iHNZjuaTW ",Minda,Vharat,Minda.Vharat@gmail.com,management and business economics
233,MaritaTomasina,cu)o d%)UH,Marita,Tomasina,Marita.Tomasina@gmail.com,economics
234,WinifredKoehler,^y%uVVgwB&MLvN,Winifred,Koehler,Winifred.Koehler@gmail.com,english
235,MichaelinaMorrill,KAQ#)swGjpF,Michaelina,Morrill,Michaelina.Morrill@gmail.com,spanish
236,EdithJammal,VvprWoPdQ=KzdPl,Edith,Jammal,Edith.Jammal@gmail.com,economics
237,LacieVittoria,dsui!UuF QMlGA,Lacie,Vittoria,Lacie.Vittoria@gmail.com,philosophy
238,JolynNickola,cKu ayKibQBcRNo),Jolyn,Nickola,Jolyn.Nickola@gmail.com,mechanical engineering
239,BasiaTomasina,e$nixYhn,Basia,Tomasina,Basia.Tomasina@gmail.com,biological sciences
240,EmyleeRossner,lxgCX@ATfNdp(vgK,Emylee,Rossner,Emylee.Rossner@gmail.com,critical race and ethnic studies
241,BasiaCraggie,Fez$sZHr&!QA+F,Basia,Craggie,Basia.Craggie@gmail.com,environmental systems science
242,LeontineTamar,XgFcyCAH-Q(lHA,Leontine,Tamar,Leontine.Tamar@gmail.com,anthropology
243,RozPond,MwNXiVCqXd(ukK+(,Roz,Pond,Roz.Pond@gmail.com,environmental systems science
244,BrynnaKilligrew,jujw^Jpu#,Brynna,Killigrew,Brynna.Killigrew@gmail.com,anthropology
245,EmyleeEgbert,PUOtpUYmiJaA(,Emylee,Egbert,Emylee.Egbert@gmail.com,chemical sciences
246,DaciaUmmersen,hykqXeiKXF),Dacia,Ummersen,Dacia.Ummersen@gmail.com,materials sciences and engineering
247,PollyannaElephus,bD-pUp^D,Pollyanna,Elephus,Pollyanna.Elephus@gmail.com,applied mathematical sciences
248,DorothyDituri,PPVXf JLwP%V,Dorothy,Dituri,Dorothy.Dituri@gmail.com,materials sciences and engineering
249,RoslynRuvolo,(qB+jCo%%XhC,Roslyn,Ruvolo,Roslyn.Ruvolo@gmail.com,economics
250,ChickieYuille,"@ A!F_Key+xpg#Z ",Chickie,Yuille,Chickie.Yuille@gmail.com,applied mathematical sciences
251,SianaNadia,ULOYl n V@O,Siana,Nadia,Siana.Nadia@gmail.com,environmental engineering
252,FloOlympium,QGPLYLptXQ-R,Flo,Olympium,Flo.Olympium@gmail.com,history
253,SelmaAnyah,LOm%=gVkuhYl WXk,Selma,Anyah,Selma.Anyah@gmail.com,materials sciences and engineering
254,SheelaghNea,CFQC=p^_h*x,Sheelagh,Nea,Sheelagh.Nea@gmail.com,chemical sciences
255,MariannHertzfeld,=jqXeFSm#js,Mariann,Hertzfeld,Mariann.Hertzfeld@gmail.com,psychology
256,Ann-MarieCallista,hx#%bKtOXXS,Ann-Marie,Callista,Ann-Marie.Callista@gmail.com,cognitive science
257,DodeCassius,&*@jB)VT,Dode,Cassius,Dode.Cassius@gmail.com,psychology
258,CoralBorrell,L=$ wp-cb,Coral,Borrell,Coral.Borrell@gmail.com,philosophy
259,GusellaJerold,ubAuWPDwpzkIKT!v,Gusella,Jerold,Gusella.Jerold@gmail.com,public health
260,SibellaLumbard,A(QBLkd&U*(Y,Sibella,Lumbard,Sibella.Lumbard@gmail.com,psychology
261,FannyTaima,KtJ RYDamEzwvV,Fanny,Taima,Fanny.Taima@gmail.com,economics
262,AtlantaElvyn,lmDSW qXrH,Atlanta,Elvyn,Atlanta.Elvyn@gmail.com,english
263,NannieDaegal,uRF=v-Lf+,Nannie,Daegal,Nannie.Daegal@gmail.com,environmental systems science
264,JoellyFosque,k-qB%SjUqXGQZb,Joelly,Fosque,Joelly.Fosque@gmail.com,bioengineering
265,EkaterinaPauly,tZdDnx))G)SynG,Ekaterina,Pauly,Ekaterina.Pauly@gmail.com,chemical sciences
266,MignonWiener,jsoAsgYl-,Mignon,Wiener,Mignon.Wiener@gmail.com,psychology
267,PamellaGarek,w+)qY KbY#u,Pamella,Garek,Pamella.Garek@gmail.com,environmental engineering
268,DauneLubin,Q%huQc=Z,Daune,Lubin,Daune.Lubin@gmail.com,anthropology
269,LulitaCadmar,$-u)LRovNmuiuU@,Lulita,Cadmar,Lulita.Cadmar@gmail.com,psychology
270,EugineKazimir,ZOehLXcJJKi!,Eugine,Kazimir,Eugine.Kazimir@gmail.com,cognitive science
271,BertaGarek,yvKcjSjy$h !EAN,Berta,Garek,Berta.Garek@gmail.com,english
272,TheodoraDanby,ud@ZWbS$,Theodora,Danby,Theodora.Danby@gmail.com,global arts studies program
273,LennaEvvie,(qZh!zDDTAiCc #,Lenna,Evvie,Lenna.Evvie@gmail.com,global arts studies program
274,FloFrodi,&MZ+l&BN,Flo,Frodi,Flo.Frodi@gmail.com,global arts studies program
275,AmaraSalchunas,L%jmCDR&n,Amara,Salchunas,Amara.Salchunas@gmail.com,sociology
276,CatharineFillbert,mQ@ivGreYPAD$,Catharine,Fillbert,Catharine.Fillbert@gmail.com,mechanical engineering
277,JackieElvyn,-gFU!Esp,Jackie,Elvyn,Jackie.Elvyn@gmail.com,bioengineering
278,WendiNance,pO)JhS)Sy#S@,Wendi,Nance,Wendi.Nance@gmail.com,cognitive science
279,HayleyMedrek,PmOd%wZ&bSpwC=j,Hayley,Medrek,Hayley.Medrek@gmail.com,philosophy
280,SibellaTristram,t-#&WNkGz-E(sf,Sibella,Tristram,Sibella.Tristram@gmail.com,environmental engineering
281,LinetBrandice,jR!#cIMYdl_wk,Linet,Brandice,Linet.Brandice@gmail.com,history
282,CollenMozelle,@zL%+LQNkZt%d,Collen,Mozelle,Collen.Mozelle@gmail.com,psychology
283,KaylaRosemary,xVc*XlgScKOKU@j,Kayla,Rosemary,Kayla.Rosemary@gmail.com,spanish
284,JaimeHepsibah,"zyv@P&PYQ#mde% ",Jaime,Hepsibah,Jaime.Hepsibah@gmail.com,critical race and ethnic studies
285,ValliAmasa,GzI^=BqEYu,Valli,Amasa,Valli.Amasa@gmail.com,environmental engineering
286,CatrinaMintz,nyOl@yWy) !A,Catrina,Mintz,Catrina.Mintz@gmail.com,computer science and engineering
287,RozeleTomasina,K%Qmm#-qmAVuki,Rozele,Tomasina,Rozele.Tomasina@gmail.com,economics
288,JulianeMinetta,qDbuxBqB,Juliane,Minetta,Juliane.Minetta@gmail.com,applied mathematical sciences
289,SusetteBreed,VcqUHWY-hm)iko,Susette,Breed,Susette.Breed@gmail.com,anthropology
290,AnnecorinnePenelopa,bG=dTIyfFOL&w,Annecorinne,Penelopa,Annecorinne.Penelopa@gmail.com,materials sciences and engineering
291,MichelineBuckler,ys$A@_UI,Micheline,Buckler,Micheline.Buckler@gmail.com,environmental systems science
292,JacquettaVorster,JYejt_Zl*&TmEq*,Jacquetta,Vorster,Jacquetta.Vorster@gmail.com,history
293,LaurynPacorro,HYsHtovJHY),Lauryn,Pacorro,Lauryn.Pacorro@gmail.com,philosophy
294,BrynnaBaptlsta,"  vYAqQFhunOq",Brynna,Baptlsta,Brynna.Baptlsta@gmail.com,management and business economics
295,LorieBrady,JFTPc@N=v$,Lorie,Brady,Lorie.Brady@gmail.com,psychology
296,HeidaLarochelle,*PnrrBvqzmCg$o,Heida,Larochelle,Heida.Larochelle@gmail.com,critical race and ethnic studies
297,AlexEllord,_f$Vy#X+o jI&%-y,Alex,Ellord,Alex.Ellord@gmail.com,applied mathematical sciences
298,LouellaStrephon,fDqEKM!rdaQmK,Louella,Strephon,Louella.Strephon@gmail.com,computer science and engineering
299,GianinaStephie,qJ GAidt%,Gianina,Stephie,Gianina.Stephie@gmail.com,materials sciences and engineering
300,BeeDrus,X%dWsSIaa,Bee,Drus,Bee.Drus@gmail.com,english
301,TamqrahGaspard,oHsY%@yn,Tamqrah,Gaspard,Tamqrah.Gaspard@gmail.com,management and business economics
302,SallieOster,OTQOmdTtEqDXBv,Sallie,Oster,Sallie.Oster@gmail.com,critical race and ethnic studies
303,CallaRuvolo,xZU^@d(SNt,Calla,Ruvolo,Calla.Ruvolo@gmail.com,bioengineering
304,DevinaMoina,Fi Sy+R&kkZ-Lf a,Devina,Moina,Devina.Moina@gmail.com,environmental engineering
305,OlivetteHachmin,CRamwGzsVO,Olivette,Hachmin,Olivette.Hachmin@gmail.com,biological sciences
306,BergetGoth,%Pv*EKKJ$p&$Wny-,Berget,Goth,Berget.Goth@gmail.com,computer science and engineering
307,LucyRozanna,-DrOtRaIRALlnCV,Lucy,Rozanna,Lucy.Rozanna@gmail.com,sociology
308,ShereeDowski,lpjVpCkZ-rhW,Sheree,Dowski,Sheree.Dowski@gmail.com,political science
309,HettieJacqui,Bgr(J( lK##^V%,Hettie,Jacqui,Hettie.Jacqui@gmail.com,environmental engineering
310,JordanHarday,EGnG)%xiQG$hVYfZ,Jordan,Harday,Jordan.Harday@gmail.com,critical race and ethnic studies
311,PamellaNahum,=q +gTq!FA_&keB,Pamella,Nahum,Pamella.Nahum@gmail.com,public health
312,BlakeHirsch,C)ByGw(iVS$V,Blake,Hirsch,Blake.Hirsch@gmail.com,computer science and engineering
313,RiannonTurne,)oqmEL#YbweRZjfY,Riannon,Turne,Riannon.Turne@gmail.com,political science
314,SianaWaldron,sT=j=S+i%zlIW,Siana,Waldron,Siana.Waldron@gmail.com,critical race and ethnic studies
315,WendiDosia,U* i- vg,Wendi,Dosia,Wendi.Dosia@gmail.com,sociology
316,JanSecrest,ZJn&BJuil,Jan,Secrest,Jan.Secrest@gmail.com,public health
317,IngaCristi,jFVveTLW$,Inga,Cristi,Inga.Cristi@gmail.com,global arts studies program
318,CoreneZenas,$YBKDMaMf=g,Corene,Zenas,Corene.Zenas@gmail.com,spanish
319,ErnestaGavrila,o@cnfL(Nrxak !,Ernesta,Gavrila,Ernesta.Gavrila@gmail.com,management and business economics
320,LaylaKussell,pIPpOfAS-,Layla,Kussell,Layla.Kussell@gmail.com,mechanical engineering
321,FanchonMott,u$xXhBH%So,Fanchon,Mott,Fanchon.Mott@gmail.com,political science
322,MichaelinaHonoria,kWbn% (cb&A,Michaelina,Honoria,Michaelina.Honoria@gmail.com,psychology
323,AuroreAbernon,x%u)Sqwm !vBAWs,Aurore,Abernon,Aurore.Abernon@gmail.com,cognitive science
324,KristanBobbee,RLWbK*uMo%&hfsS,Kristan,Bobbee,Kristan.Bobbee@gmail.com,history
325,LexineYate,(op!cYtPbvSjo^bc,Lexine,Yate,Lexine.Yate@gmail.com,applied mathematical sciences
326,VevayDesai,ekDCJ)TtunR,Vevay,Desai,Vevay.Desai@gmail.com,critical race and ethnic studies
327,KatleenTamsky,KtDa qzcE^SwN,Katleen,Tamsky,Katleen.Tamsky@gmail.com,environmental systems science
328,DeedeeUlphia,lFN&rcMw)a &qsD,Deedee,Ulphia,Deedee.Ulphia@gmail.com,applied mathematical sciences
329,AnestassiaWhiffen,yWnI EwJ,Anestassia,Whiffen,Anestassia.Whiffen@gmail.com,political science
330,ChristyRaseda,fwxsJuIw(,Christy,Raseda,Christy.Raseda@gmail.com,spanish
331,CorreyLasley,pZXp m+fT o_C,Correy,Lasley,Correy.Lasley@gmail.com,anthropology
332,BarbaraChaing,lKkw#A-ZASbAJ,Barbara,Chaing,Barbara.Chaing@gmail.com,public health
333,DoreneSherrie,Qq_NEbWgdJi,Dorene,Sherrie,Dorene.Sherrie@gmail.com,critical race and ethnic studies
334,BasiaAlcott,foD) uaH!_Y,Basia,Alcott,Basia.Alcott@gmail.com,psychology
335,AugustinePandolfi,vR-*c(Nc#zhKoTMw,Augustine,Pandolfi,Augustine.Pandolfi@gmail.com,computer science and engineering
336,GusellaCaitlin,U+rp#umicd(Hj_l,Gusella,Caitlin,Gusella.Caitlin@gmail.com,environmental systems science
337,HelenaGladstone,%uW-#*!xnKQ,Helena,Gladstone,Helena.Gladstone@gmail.com,bioengineering
338,AnnoraBerl,GKmRrhdCGI,Annora,Berl,Annora.Berl@gmail.com,philosophy
339,KajaKress,A@px=lNniJ)*Bk,Kaja,Kress,Kaja.Kress@gmail.com,applied mathematical sciences
340,KristinaNisbet,aY&Qg-SxfD@,Kristina,Nisbet,Kristina.Nisbet@gmail.com,computer science and engineering
341,MinneStacy,X(nkzyfjG,Minne,Stacy,Minne.Stacy@gmail.com,cognitive science
342,AnalleseMullane,J)yvOlNJt&mK,Anallese,Mullane,Anallese.Mullane@gmail.com,sociology
343,AnnoraMarkman,ikAk=&)=%CQz,Annora,Markman,Annora.Markman@gmail.com,biological sciences
344,RobiniaLytton,Dc-m%bzDK,Robinia,Lytton,Robinia.Lytton@gmail.com,mechanical engineering
345,DarylCamden,Z Su)Hgh,Daryl,Camden,Daryl.Camden@gmail.com,spanish
346,SamBelanger,GapD&q$IibK,Sam,Belanger,Sam.Belanger@gmail.com,applied mathematical sciences
347,MadelleGermann,P(IUnJko+DX-a,Madelle,Germann,Madelle.Germann@gmail.com,global arts studies program
348,LusaLemuela,&adiOS^z#)Jc,Lusa,Lemuela,Lusa.Lemuela@gmail.com,computer science and engineering
349,JenileeJillane,+fpqAJnWX,Jenilee,Jillane,Jenilee.Jillane@gmail.com,psychology
350,FeliceAstra,#^BG IE)Ualz=Ex,Felice,Astra,Felice.Astra@gmail.com,economics
351,AllisAllina,udRJFP@Ypc E,Allis,Allina,Allis.Allina@gmail.com,psychology
352,KajaMaryanne,)LFmmaUoA__#,Kaja,Maryanne,Kaja.Maryanne@gmail.com,civil engineering
353,LoreeDituri,a^g-f)lXw+qZnw-,Loree,Dituri,Loree.Dituri@gmail.com,political science
354,KellyCullin,)WOcZfF#uYilelB,Kelly,Cullin,Kelly.Cullin@gmail.com,applied mathematical sciences
355,Zsa ZsaAmmann,fSa#lX$o+wQ,Zsa Zsa,Ammann,Zsa Zsa.Ammann@gmail.com,political science
356,JeannaKarl,iaTGJXL*JbT$=,Jeanna,Karl,Jeanna.Karl@gmail.com,civil engineering
357,CathieZrike,Ytg)NMWEmCOF,Cathie,Zrike,Cathie.Zrike@gmail.com,public health
358,RoslynParsaye," YDYkha&U+",Roslyn,Parsaye,Roslyn.Parsaye@gmail.com,sociology
359,DennieMarlie,#@=RKvsd,Dennie,Marlie,Dennie.Marlie@gmail.com,management and business economics
360,MartiLand,NDc(DfPpGh,Marti,Land,Marti.Land@gmail.com,bioengineering
361,KristanEhrman,vPSnV_J-^pos,Kristan,Ehrman,Kristan.Ehrman@gmail.com,management and business economics
362,MerielUird,SStaMg*Oe+mWI-,Meriel,Uird,Meriel.Uird@gmail.com,public health
363,NertaSlifka,v PIOoxpTpM+ajb,Nerta,Slifka,Nerta.Slifka@gmail.com,public health
364,AarenRozanna,FyBVJDcQL#_ fQEv,Aaren,Rozanna,Aaren.Rozanna@gmail.com,anthropology
365,MureilDevlen,N(dMgX_NTonhkkmh,Mureil,Devlen,Mureil.Devlen@gmail.com,economics
366,ArlinaErlandson,#dFUCl_Y@mF,Arlina,Erlandson,Arlina.Erlandson@gmail.com,chemical sciences
367,MadeleineDurware,dPmar OjVeX-q-+X,Madeleine,Durware,Madeleine.Durware@gmail.com,materials sciences and engineering
368,NicoliKamaria,RcvDO& %*#!,Nicoli,Kamaria,Nicoli.Kamaria@gmail.com,environmental engineering
369,LarineWallis,l((Ii ^*Z,Larine,Wallis,Larine.Wallis@gmail.com,spanish
370,AmaraEmerson,wGciaKr%d,Amara,Emerson,Amara.Emerson@gmail.com,anthropology
371,KamilahGaynor,HCmYIHAQg,Kamilah,Gaynor,Kamilah.Gaynor@gmail.com,global arts studies program
372,JessamynRicarda,RzoOzCPZ& Vmm z,Jessamyn,Ricarda,Jessamyn.Ricarda@gmail.com,history
373,RoriNester,-J( SSucxT hc,Rori,Nester,Rori.Nester@gmail.com,applied mathematical sciences
374,MarniaCamden,rAO+ LBaS_K N*uJ,Marnia,Camden,Marnia.Camden@gmail.com,political science
375,NicoliTatianas,)Fvnzwoc&BC,Nicoli,Tatianas,Nicoli.Tatianas@gmail.com,sociology
376,HarmoniaFax,UA+$@HtydI,Harmonia,Fax,Harmonia.Fax@gmail.com,global arts studies program
377,MoynaLissi,kXTNT%-!DveVmmxH,Moyna,Lissi,Moyna.Lissi@gmail.com,psychology
378,GuiAdlare,vaok%vZDNkJawS,Gui,Adlare,Gui.Adlare@gmail.com,sociology
379,FarrahHortensia,+DlCnrMQ,Farrah,Hortensia,Farrah.Hortensia@gmail.com,spanish
380,AnnecorinneLeonard,TwbLF %cx)ls,Annecorinne,Leonard,Annecorinne.Leonard@gmail.com,global arts studies program
381,LorieHylan,xlq!vbB_*u,Lorie,Hylan,Lorie.Hylan@gmail.com,computer science and engineering
382,BritteSchwejda,uHSwCiznG+mlj&,Britte,Schwejda,Britte.Schwejda@gmail.com,materials sciences and engineering
383,FrancesCampball,#RVXSLN^Xcq$r,Frances,Campball,Frances.Campball@gmail.com,applied mathematical sciences
384,NatkaJudye,&D zWuTvH,Natka,Judye,Natka.Judye@gmail.com,applied mathematical sciences
385,DulcineaHan," cIaWuSM_Ng",Dulcinea,Han,Dulcinea.Han@gmail.com,philosophy
386,KeeliaSherfield,qbMbz@(lK#LMThmE,Keelia,Sherfield,Keelia.Sherfield@gmail.com,biological sciences
387,ShannahColbert,Itl SZpp$,Shannah,Colbert,Shannah.Colbert@gmail.com,computer science and engineering
388,CybHanshaw,"&nUlPNTrV ",Cyb,Hanshaw,Cyb.Hanshaw@gmail.com,civil engineering
389,GerrieBethany,avi(n(w*qbADOj,Gerrie,Bethany,Gerrie.Bethany@gmail.com,spanish
390,EveErskine,kn^I#A!f xv,Eve,Erskine,Eve.Erskine@gmail.com,civil engineering
391,MarcyJobi,BxNEorG-IUu,Marcy,Jobi,Marcy.Jobi@gmail.com,mechanical engineering
392,KamilahPhiloo,Wq^xlbG Jaq,Kamilah,Philoo,Kamilah.Philoo@gmail.com,anthropology
393,ElmiraMadelene,Fpcl=b@xEoOPL,Elmira,Madelene,Elmira.Madelene@gmail.com,global arts studies program
394,RutheBrunell,aUDsrpNOw%j^,Ruthe,Brunell,Ruthe.Brunell@gmail.com,cognitive science
395,HettieWinthorpe,W)KWKRXpwP!A,Hettie,Winthorpe,Hettie.Winthorpe@gmail.com,spanish
396,IlseParsaye,QvOauxVmwSfQx,Ilse,Parsaye,Ilse.Parsaye@gmail.com,biological sciences
397,VonnyScreens,gpTeRYpPiUJ-ewI*,Vonny,Screens,Vonny.Screens@gmail.com,environmental systems science
398,ChickieAngelis,"ViBwcviq&I-Kt ",Chickie,Angelis,Chickie.Angelis@gmail.com,materials sciences and engineering
399,AlyssaZrike,dPow#TG%J(Q,Alyssa,Zrike,Alyssa.Zrike@gmail.com,chemical sciences
400,PearlineWeitman,lOGrS_xjIOlSfI,Pearline,Weitman,Pearline.Weitman@gmail.com,global arts studies program